BNF_Presentation_Code,BNF_Presentation,BNF_Product,BNF_Chemical_Substance,BNF_Subparagraph,BNF_Paragraph,BNF_Section,BNF_Chapter,first_word,Decision
0409010A0AAAAAA,Apomorph HCl_Inj 10mg/ml 1ml Amp,Apomorph HCl (Parkinsonism),Apomorphine Hydrochloride,Dopaminergic Drugs Used In Parkinsonism,Dopaminergic Drugs Used In Parkinsonism,Drugs Used In Park'ism/Related Disorders,Central Nervous System,Apomorph,1
0409010A0AAABAB,Apomorph HCl_Inj 10mg/ml 5ml Amp     @gn,Apomorph HCl (Parkinsonism),Apomorphine Hydrochloride,Dopaminergic Drugs Used In Parkinsonism,Dopaminergic Drugs Used In Parkinsonism,Drugs Used In Park'ism/Related Disorders,Central Nervous System,Apomorph,1
0409010A0AAACAC,Apomorph HCl_Inj 6mg/ml 5ml Amp,Apomorph HCl (Parkinsonism),Apomorphine Hydrochloride,Dopaminergic Drugs Used In Parkinsonism,Dopaminergic Drugs Used In Parkinsonism,Drugs Used In Park'ism/Related Disorders,Central Nervous System,Apomorph,1
0409010A0AAADAD,Apomorph HCl_Inj 10mg/ml 2ml Amp     @gn,Apomorph HCl (Parkinsonism),Apomorphine Hydrochloride,Dopaminergic Drugs Used In Parkinsonism,Dopaminergic Drugs Used In Parkinsonism,Drugs Used In Park'ism/Related Disorders,Central Nervous System,Apomorph,1
0409010A0AAAEAE,Apomorph HCl_Inj 10mg/ml 1ml Amp (Import,Apomorph HCl (Parkinsonism),Apomorphine Hydrochloride,Dopaminergic Drugs Used In Parkinsonism,Dopaminergic Drugs Used In Parkinsonism,Drugs Used In Park'ism/Related Disorders,Central Nervous System,Apomorph,1
0409010A0AAAFAF,Apomorph HCl_Inj 2mg/ml 1ml Amp,Apomorph HCl (Parkinsonism),Apomorphine Hydrochloride,Dopaminergic Drugs Used In Parkinsonism,Dopaminergic Drugs Used In Parkinsonism,Drugs Used In Park'ism/Related Disorders,Central Nervous System,Apomorph,1
0409010A0AAAGAG,Apomorph HCl_Inj 1mg/ml 1ml Amp,Apomorph HCl (Parkinsonism),Apomorphine Hydrochloride,Dopaminergic Drugs Used In Parkinsonism,Dopaminergic Drugs Used In Parkinsonism,Drugs Used In Park'ism/Related Disorders,Central Nervous System,Apomorph,1
0409010A0AAAHAH,Apomorph HCl_Inj 3mg/ml 1ml Amp,Apomorph HCl (Parkinsonism),Apomorphine Hydrochloride,Dopaminergic Drugs Used In Parkinsonism,Dopaminergic Drugs Used In Parkinsonism,Drugs Used In Park'ism/Related Disorders,Central Nervous System,Apomorph,1
0409010A0AAAIAI,Apomorph HCl_Inj 1mg/ml 2ml Amp,Apomorph HCl (Parkinsonism),Apomorphine Hydrochloride,Dopaminergic Drugs Used In Parkinsonism,Dopaminergic Drugs Used In Parkinsonism,Drugs Used In Park'ism/Related Disorders,Central Nervous System,Apomorph,1
0409010A0AAAJAJ,Apomorph HCl_Inj 10mg/ml 5ml Amp (Import,Apomorph HCl (Parkinsonism),Apomorphine Hydrochloride,Dopaminergic Drugs Used In Parkinsonism,Dopaminergic Drugs Used In Parkinsonism,Drugs Used In Park'ism/Related Disorders,Central Nervous System,Apomorph,1
0409010A0AAAKAK,Apomorph HCl_Inj 20mg/ml 1ml Amp,Apomorph HCl (Parkinsonism),Apomorphine Hydrochloride,Dopaminergic Drugs Used In Parkinsonism,Dopaminergic Drugs Used In Parkinsonism,Drugs Used In Park'ism/Related Disorders,Central Nervous System,Apomorph,1
0409010A0AAALAL,Apomorph HCl_Inj 800mcg/ml 5ml Amp,Apomorph HCl (Parkinsonism),Apomorphine Hydrochloride,Dopaminergic Drugs Used In Parkinsonism,Dopaminergic Drugs Used In Parkinsonism,Drugs Used In Park'ism/Related Disorders,Central Nervous System,Apomorph,1
0409010A0AAAMAM,Apomorph HCl_Inj 4mg/1ml 1ml Amp,Apomorph HCl (Parkinsonism),Apomorphine Hydrochloride,Dopaminergic Drugs Used In Parkinsonism,Dopaminergic Drugs Used In Parkinsonism,Drugs Used In Park'ism/Related Disorders,Central Nervous System,Apomorph,1
0409010A0AAANAN,Apomorph HCl_Inj 10mg/ml 0.5ml Amp,Apomorph HCl (Parkinsonism),Apomorphine Hydrochloride,Dopaminergic Drugs Used In Parkinsonism,Dopaminergic Drugs Used In Parkinsonism,Drugs Used In Park'ism/Related Disorders,Central Nervous System,Apomorph,1
0409010A0AAAPAP,Apomorph HCl_Inj 10mg/ml 5ml Vl,Apomorph HCl (Parkinsonism),Apomorphine Hydrochloride,Dopaminergic Drugs Used In Parkinsonism,Dopaminergic Drugs Used In Parkinsonism,Drugs Used In Park'ism/Related Disorders,Central Nervous System,Apomorph,1
0409010A0AAAQAQ,Apomorph HCl_Inj 5mg/ml 10ml Amp,Apomorph HCl (Parkinsonism),Apomorphine Hydrochloride,Dopaminergic Drugs Used In Parkinsonism,Dopaminergic Drugs Used In Parkinsonism,Drugs Used In Park'ism/Related Disorders,Central Nervous System,Apomorph,1
0409010A0AAARAR,Apomorph HCl_Inj 25mg/ml 2ml Amp,Apomorph HCl (Parkinsonism),Apomorphine Hydrochloride,Dopaminergic Drugs Used In Parkinsonism,Dopaminergic Drugs Used In Parkinsonism,Drugs Used In Park'ism/Related Disorders,Central Nervous System,Apomorph,1
0409010A0AAASAS,Apomorph HCl_Inj 10mg/ml 2ml Amp,Apomorph HCl (Parkinsonism),Apomorphine Hydrochloride,Dopaminergic Drugs Used In Parkinsonism,Dopaminergic Drugs Used In Parkinsonism,Drugs Used In Park'ism/Related Disorders,Central Nervous System,Apomorph,1
0409010A0AAATAT,Apomorph HCl_Inj 1mg/ml 5ml Amp,Apomorph HCl (Parkinsonism),Apomorphine Hydrochloride,Dopaminergic Drugs Used In Parkinsonism,Dopaminergic Drugs Used In Parkinsonism,Drugs Used In Park'ism/Related Disorders,Central Nervous System,Apomorph,1
0409010A0AAAUAU,Apomorph HCl_Inj 5mg/ml 1ml Amp,Apomorph HCl (Parkinsonism),Apomorphine Hydrochloride,Dopaminergic Drugs Used In Parkinsonism,Dopaminergic Drugs Used In Parkinsonism,Drugs Used In Park'ism/Related Disorders,Central Nervous System,Apomorph,1
0409010A0AAAVAV,Apomorph HCl_Inj 10mg/ml 5ml Amp,Apomorph HCl (Parkinsonism),Apomorphine Hydrochloride,Dopaminergic Drugs Used In Parkinsonism,Dopaminergic Drugs Used In Parkinsonism,Drugs Used In Park'ism/Related Disorders,Central Nervous System,Apomorph,1
0409010A0AAAWAW,Apomorph HCl_Inj 4mg/ml 5ml Amp,Apomorph HCl (Parkinsonism),Apomorphine Hydrochloride,Dopaminergic Drugs Used In Parkinsonism,Dopaminergic Drugs Used In Parkinsonism,Drugs Used In Park'ism/Related Disorders,Central Nervous System,Apomorph,1
0409010A0AAAXAX,Apomorph HCl_Inj 10mg/ml 3ml Pf Pen,Apomorph HCl (Parkinsonism),Apomorphine Hydrochloride,Dopaminergic Drugs Used In Parkinsonism,Dopaminergic Drugs Used In Parkinsonism,Drugs Used In Park'ism/Related Disorders,Central Nervous System,Apomorph,1
0409010A0AAAYAY,Apomorph HCl_Loz 10mg,Apomorph HCl (Parkinsonism),Apomorphine Hydrochloride,Dopaminergic Drugs Used In Parkinsonism,Dopaminergic Drugs Used In Parkinsonism,Drugs Used In Park'ism/Related Disorders,Central Nervous System,Apomorph,1
0409010A0AAAZAZ,Apomorph HCl_Inf 5mg/ml 10ml Pfs,Apomorph HCl (Parkinsonism),Apomorphine Hydrochloride,Dopaminergic Drugs Used In Parkinsonism,Dopaminergic Drugs Used In Parkinsonism,Drugs Used In Park'ism/Related Disorders,Central Nervous System,Apomorph,1
0409010A0AABABA,Apomorph HCl_Inf 5mg/ml 20ml Pfs,Apomorph HCl (Parkinsonism),Apomorphine Hydrochloride,Dopaminergic Drugs Used In Parkinsonism,Dopaminergic Drugs Used In Parkinsonism,Drugs Used In Park'ism/Related Disorders,Central Nervous System,Apomorph,1
0409010A0BBAAAS,Britaject_Inj 10mg/ml 2ml Amp,Britaject,Apomorphine Hydrochloride,Dopaminergic Drugs Used In Parkinsonism,Dopaminergic Drugs Used In Parkinsonism,Drugs Used In Park'ism/Related Disorders,Central Nervous System,Britaject,1
0409010A0BBABAV,Britaject_Inj 10mg/ml 5ml Amp,Britaject,Apomorphine Hydrochloride,Dopaminergic Drugs Used In Parkinsonism,Dopaminergic Drugs Used In Parkinsonism,Drugs Used In Park'ism/Related Disorders,Central Nervous System,Britaject,1
0409010A0BBACAX,Britaject_Inj 10mg/ml 3ml Pf Pen,Britaject,Apomorphine Hydrochloride,Dopaminergic Drugs Used In Parkinsonism,Dopaminergic Drugs Used In Parkinsonism,Drugs Used In Park'ism/Related Disorders,Central Nervous System,Britaject,1
0409010A0BCAAAV,APO-go_Inj 10mg/ml 5ml Amp,APO-go,Apomorphine Hydrochloride,Dopaminergic Drugs Used In Parkinsonism,Dopaminergic Drugs Used In Parkinsonism,Drugs Used In Park'ism/Related Disorders,Central Nervous System,APO-go,1
0409010A0BCABAS,APO-go_Inj 10mg/ml 2ml Amp,APO-go,Apomorphine Hydrochloride,Dopaminergic Drugs Used In Parkinsonism,Dopaminergic Drugs Used In Parkinsonism,Drugs Used In Park'ism/Related Disorders,Central Nervous System,APO-go,1
0409010A0BCACAX,APO-go PEN_Inj 10mg/ml 3ml Pf Pen,APO-go,Apomorphine Hydrochloride,Dopaminergic Drugs Used In Parkinsonism,Dopaminergic Drugs Used In Parkinsonism,Drugs Used In Park'ism/Related Disorders,Central Nervous System,APO-go,1
0409010A0BCADAZ,APO-go PFS_Inf 5mg/ml 10ml Pfs,APO-go,Apomorphine Hydrochloride,Dopaminergic Drugs Used In Parkinsonism,Dopaminergic Drugs Used In Parkinsonism,Drugs Used In Park'ism/Related Disorders,Central Nervous System,APO-go,1
0409010ACAAAAAA,Apomorph HCl_Inj 10mg/ml 3ml Cart,Apomorph HCl Hemihydrate (Parkinsonism),Apomorphine Hydrochloride Hemihydrate,Dopaminergic Drugs Used In Parkinsonism,Dopaminergic Drugs Used In Parkinsonism,Drugs Used In Park'ism/Related Disorders,Central Nervous System,Apomorph,1
0409010ACAAABAB,Apomorph HCl_Inf 5mg/ml 20ml Vl,Apomorph HCl Hemihydrate (Parkinsonism),Apomorphine Hydrochloride Hemihydrate,Dopaminergic Drugs Used In Parkinsonism,Dopaminergic Drugs Used In Parkinsonism,Drugs Used In Park'ism/Related Disorders,Central Nervous System,Apomorph,1
0409010ACBBAAAA,Dacepton_Inj 10mg/ml 3ml Cart,Dacepton,Apomorphine Hydrochloride Hemihydrate,Dopaminergic Drugs Used In Parkinsonism,Dopaminergic Drugs Used In Parkinsonism,Drugs Used In Park'ism/Related Disorders,Central Nervous System,Dacepton,1
0409010ACBBABAB,Dacepton_Inf 5mg/ml 20ml Vl,Dacepton,Apomorphine Hydrochloride Hemihydrate,Dopaminergic Drugs Used In Parkinsonism,Dopaminergic Drugs Used In Parkinsonism,Drugs Used In Park'ism/Related Disorders,Central Nervous System,Dacepton,1
0409010B0AAAAAA,Amantadine HCl_Cap 100mg,Amantadine HCl (Parkinsonism),Amantadine Hydrochloride,Dopaminergic Drugs Used In Parkinsonism,Dopaminergic Drugs Used In Parkinsonism,Drugs Used In Park'ism/Related Disorders,Central Nervous System,Amantadine,1
0409010B0AAABAB,Amantadine HCl_Oral Soln 50mg/5ml S/F,Amantadine HCl (Parkinsonism),Amantadine Hydrochloride,Dopaminergic Drugs Used In Parkinsonism,Dopaminergic Drugs Used In Parkinsonism,Drugs Used In Park'ism/Related Disorders,Central Nervous System,Amantadine,1
0409010B0BBAAAA,Symmetrel_Cap 100mg,Symmetrel,Amantadine Hydrochloride,Dopaminergic Drugs Used In Parkinsonism,Dopaminergic Drugs Used In Parkinsonism,Drugs Used In Park'ism/Related Disorders,Central Nervous System,Symmetrel,1
0409010B0BBABAB,Symmetrel_Syr 50mg/5ml,Symmetrel,Amantadine Hydrochloride,Dopaminergic Drugs Used In Parkinsonism,Dopaminergic Drugs Used In Parkinsonism,Drugs Used In Park'ism/Related Disorders,Central Nervous System,Symmetrel,1
0409010B0BCAAAA,Mantadine_Cap 100mg,Mantadine,Amantadine Hydrochloride,Dopaminergic Drugs Used In Parkinsonism,Dopaminergic Drugs Used In Parkinsonism,Drugs Used In Park'ism/Related Disorders,Central Nervous System,Mantadine,1
0409010H0AAAAAA,Ropinirole HCl_Tab 250mcg,Ropinirole HCl,Ropinirole Hydrochloride,Dopaminergic Drugs Used In Parkinsonism,Dopaminergic Drugs Used In Parkinsonism,Drugs Used In Park'ism/Related Disorders,Central Nervous System,Ropinirole,1
0409010H0AAABAB,Ropinirole HCl_Tab 1mg,Ropinirole HCl,Ropinirole Hydrochloride,Dopaminergic Drugs Used In Parkinsonism,Dopaminergic Drugs Used In Parkinsonism,Drugs Used In Park'ism/Related Disorders,Central Nervous System,Ropinirole,1
0409010H0AAACAC,Ropinirole HCl_Tab 2mg,Ropinirole HCl,Ropinirole Hydrochloride,Dopaminergic Drugs Used In Parkinsonism,Dopaminergic Drugs Used In Parkinsonism,Drugs Used In Park'ism/Related Disorders,Central Nervous System,Ropinirole,1
0409010H0AAADAD,Ropinirole HCl_Tab 5mg,Ropinirole HCl,Ropinirole Hydrochloride,Dopaminergic Drugs Used In Parkinsonism,Dopaminergic Drugs Used In Parkinsonism,Drugs Used In Park'ism/Related Disorders,Central Nervous System,Ropinirole,1
0409010H0AAAEAE,Ropinirole HCl_FollowOnPack(500mcg/1/2mg,Ropinirole HCl,Ropinirole Hydrochloride,Dopaminergic Drugs Used In Parkinsonism,Dopaminergic Drugs Used In Parkinsonism,Drugs Used In Park'ism/Related Disorders,Central Nervous System,Ropinirole,1
0409010H0AAAFAF,Ropinirole HCl_S/Pack (250mcg/500mcg/1mg,Ropinirole HCl,Ropinirole Hydrochloride,Dopaminergic Drugs Used In Parkinsonism,Dopaminergic Drugs Used In Parkinsonism,Drugs Used In Park'ism/Related Disorders,Central Nervous System,Ropinirole,1
0409010H0AAAGAG,Ropinirole HCl_Liq Spec 500mcg/5ml,Ropinirole HCl,Ropinirole Hydrochloride,Dopaminergic Drugs Used In Parkinsonism,Dopaminergic Drugs Used In Parkinsonism,Drugs Used In Park'ism/Related Disorders,Central Nervous System,Ropinirole,1
0409010H0AAAHAH,Ropinirole HCl_Tab 500mcg,Ropinirole HCl,Ropinirole Hydrochloride,Dopaminergic Drugs Used In Parkinsonism,Dopaminergic Drugs Used In Parkinsonism,Drugs Used In Park'ism/Related Disorders,Central Nervous System,Ropinirole,1
0409010H0AAAIAI,Ropinirole HCl_Liq Spec 2mg/5ml,Ropinirole HCl,Ropinirole Hydrochloride,Dopaminergic Drugs Used In Parkinsonism,Dopaminergic Drugs Used In Parkinsonism,Drugs Used In Park'ism/Related Disorders,Central Nervous System,Ropinirole,1
0409010H0AAAJAJ,Ropinirole HCl_Pdr Sach 1mg,Ropinirole HCl,Ropinirole Hydrochloride,Dopaminergic Drugs Used In Parkinsonism,Dopaminergic Drugs Used In Parkinsonism,Drugs Used In Park'ism/Related Disorders,Central Nervous System,Ropinirole,1
0409010H0AAAKAK,Ropinirole HCl_Tab 2mg M/R,Ropinirole HCl,Ropinirole Hydrochloride,Dopaminergic Drugs Used In Parkinsonism,Dopaminergic Drugs Used In Parkinsonism,Drugs Used In Park'ism/Related Disorders,Central Nervous System,Ropinirole,1
0409010H0AAALAL,Ropinirole HCl_Tab 4mg M/R,Ropinirole HCl,Ropinirole Hydrochloride,Dopaminergic Drugs Used In Parkinsonism,Dopaminergic Drugs Used In Parkinsonism,Drugs Used In Park'ism/Related Disorders,Central Nervous System,Ropinirole,1
0409010H0AAAMAM,Ropinirole HCl_Tab 8mg M/R,Ropinirole HCl,Ropinirole Hydrochloride,Dopaminergic Drugs Used In Parkinsonism,Dopaminergic Drugs Used In Parkinsonism,Drugs Used In Park'ism/Related Disorders,Central Nervous System,Ropinirole,1
0409010H0AAANAN,Ropinirole HCl_Liq Spec 12mg/5ml,Ropinirole HCl,Ropinirole Hydrochloride,Dopaminergic Drugs Used In Parkinsonism,Dopaminergic Drugs Used In Parkinsonism,Drugs Used In Park'ism/Related Disorders,Central Nervous System,Ropinirole,1
0409010H0AAAPAP,Ropinirole HCl_Liq Spec 125mg/5ml,Ropinirole HCl,Ropinirole Hydrochloride,Dopaminergic Drugs Used In Parkinsonism,Dopaminergic Drugs Used In Parkinsonism,Drugs Used In Park'ism/Related Disorders,Central Nervous System,Ropinirole,1
0409010H0AAAQAQ,Ropinirole HCl_Liq Spec 1mg/5ml,Ropinirole HCl,Ropinirole Hydrochloride,Dopaminergic Drugs Used In Parkinsonism,Dopaminergic Drugs Used In Parkinsonism,Drugs Used In Park'ism/Related Disorders,Central Nervous System,Ropinirole,1
0409010H0AAARAR,Ropinirole HCl_Tab 3mg M/R,Ropinirole HCl,Ropinirole Hydrochloride,Dopaminergic Drugs Used In Parkinsonism,Dopaminergic Drugs Used In Parkinsonism,Drugs Used In Park'ism/Related Disorders,Central Nervous System,Ropinirole,1
0409010H0AAASAS,Ropinirole HCl_Tab 6mg M/R,Ropinirole HCl,Ropinirole Hydrochloride,Dopaminergic Drugs Used In Parkinsonism,Dopaminergic Drugs Used In Parkinsonism,Drugs Used In Park'ism/Related Disorders,Central Nervous System,Ropinirole,1
0409010H0AAATAT,Ropinirole HCl_Oral Susp 8mg/5ml,Ropinirole HCl,Ropinirole Hydrochloride,Dopaminergic Drugs Used In Parkinsonism,Dopaminergic Drugs Used In Parkinsonism,Drugs Used In Park'ism/Related Disorders,Central Nervous System,Ropinirole,1
0409010H0BBAAAA,ReQuip_Tab 250mcg,ReQuip,Ropinirole Hydrochloride,Dopaminergic Drugs Used In Parkinsonism,Dopaminergic Drugs Used In Parkinsonism,Drugs Used In Park'ism/Related Disorders,Central Nervous System,ReQuip,1
0409010H0BBABAB,ReQuip_Tab 1mg,ReQuip,Ropinirole Hydrochloride,Dopaminergic Drugs Used In Parkinsonism,Dopaminergic Drugs Used In Parkinsonism,Drugs Used In Park'ism/Related Disorders,Central Nervous System,ReQuip,1
0409010H0BBACAC,ReQuip_Tab 2mg,ReQuip,Ropinirole Hydrochloride,Dopaminergic Drugs Used In Parkinsonism,Dopaminergic Drugs Used In Parkinsonism,Drugs Used In Park'ism/Related Disorders,Central Nervous System,ReQuip,1
0409010H0BBADAD,ReQuip_Tab 5mg,ReQuip,Ropinirole Hydrochloride,Dopaminergic Drugs Used In Parkinsonism,Dopaminergic Drugs Used In Parkinsonism,Drugs Used In Park'ism/Related Disorders,Central Nervous System,ReQuip,1
0409010H0BBAEAE,ReQuip_Follow On Pack (500mcg/1mg/2mg),ReQuip,Ropinirole Hydrochloride,Dopaminergic Drugs Used In Parkinsonism,Dopaminergic Drugs Used In Parkinsonism,Drugs Used In Park'ism/Related Disorders,Central Nervous System,ReQuip,1
0409010H0BBAFAF,ReQuip_S/Pack (250mcg/500mcg/1mg) Tab,ReQuip,Ropinirole Hydrochloride,Dopaminergic Drugs Used In Parkinsonism,Dopaminergic Drugs Used In Parkinsonism,Drugs Used In Park'ism/Related Disorders,Central Nervous System,ReQuip,1
0409010H0BBAGAK,ReQuip XL_Tab 2mg,ReQuip,Ropinirole Hydrochloride,Dopaminergic Drugs Used In Parkinsonism,Dopaminergic Drugs Used In Parkinsonism,Drugs Used In Park'ism/Related Disorders,Central Nervous System,ReQuip,1
0409010H0BBAHAL,ReQuip XL_Tab 4mg,ReQuip,Ropinirole Hydrochloride,Dopaminergic Drugs Used In Parkinsonism,Dopaminergic Drugs Used In Parkinsonism,Drugs Used In Park'ism/Related Disorders,Central Nervous System,ReQuip,1
0409010H0BBAIAM,ReQuip XL_Tab 8mg,ReQuip,Ropinirole Hydrochloride,Dopaminergic Drugs Used In Parkinsonism,Dopaminergic Drugs Used In Parkinsonism,Drugs Used In Park'ism/Related Disorders,Central Nervous System,ReQuip,1
0409010H0BCAAAH,Adartrel_Tab 500mcg,Adartrel,Ropinirole Hydrochloride,Dopaminergic Drugs Used In Parkinsonism,Dopaminergic Drugs Used In Parkinsonism,Drugs Used In Park'ism/Related Disorders,Central Nervous System,Adartrel,1
0409010H0BCABAA,Adartrel_Tab 250mcg,Adartrel,Ropinirole Hydrochloride,Dopaminergic Drugs Used In Parkinsonism,Dopaminergic Drugs Used In Parkinsonism,Drugs Used In Park'ism/Related Disorders,Central Nervous System,Adartrel,1
0409010H0BCACAC,Adartrel_Tab 2mg,Adartrel,Ropinirole Hydrochloride,Dopaminergic Drugs Used In Parkinsonism,Dopaminergic Drugs Used In Parkinsonism,Drugs Used In Park'ism/Related Disorders,Central Nervous System,Adartrel,1
0409010H0BDAAAK,Spiroco XL_Tab 2mg,Spiroco XL,Ropinirole Hydrochloride,Dopaminergic Drugs Used In Parkinsonism,Dopaminergic Drugs Used In Parkinsonism,Drugs Used In Park'ism/Related Disorders,Central Nervous System,Spiroco,1
0409010H0BDABAL,Spiroco XL_Tab 4mg,Spiroco XL,Ropinirole Hydrochloride,Dopaminergic Drugs Used In Parkinsonism,Dopaminergic Drugs Used In Parkinsonism,Drugs Used In Park'ism/Related Disorders,Central Nervous System,Spiroco,1
0409010H0BDACAM,Spiroco XL_Tab 8mg,Spiroco XL,Ropinirole Hydrochloride,Dopaminergic Drugs Used In Parkinsonism,Dopaminergic Drugs Used In Parkinsonism,Drugs Used In Park'ism/Related Disorders,Central Nervous System,Spiroco,1
0409010H0BEAAAK,Ralnea XL_Tab 2mg,Ralnea XL,Ropinirole Hydrochloride,Dopaminergic Drugs Used In Parkinsonism,Dopaminergic Drugs Used In Parkinsonism,Drugs Used In Park'ism/Related Disorders,Central Nervous System,Ralnea,1
0409010H0BEABAL,Ralnea XL_Tab 4mg,Ralnea XL,Ropinirole Hydrochloride,Dopaminergic Drugs Used In Parkinsonism,Dopaminergic Drugs Used In Parkinsonism,Drugs Used In Park'ism/Related Disorders,Central Nervous System,Ralnea,1
0409010H0BEACAM,Ralnea XL_Tab 8mg,Ralnea XL,Ropinirole Hydrochloride,Dopaminergic Drugs Used In Parkinsonism,Dopaminergic Drugs Used In Parkinsonism,Drugs Used In Park'ism/Related Disorders,Central Nervous System,Ralnea,1
0409010H0BFAAAL,Repinex XL_Tab 4mg,Repinex XL,Ropinirole Hydrochloride,Dopaminergic Drugs Used In Parkinsonism,Dopaminergic Drugs Used In Parkinsonism,Drugs Used In Park'ism/Related Disorders,Central Nervous System,Repinex,1
0409010H0BFABAM,Repinex XL_Tab 8mg,Repinex XL,Ropinirole Hydrochloride,Dopaminergic Drugs Used In Parkinsonism,Dopaminergic Drugs Used In Parkinsonism,Drugs Used In Park'ism/Related Disorders,Central Nervous System,Repinex,1
0409010H0BFACAK,Repinex XL_Tab 2mg,Repinex XL,Ropinirole Hydrochloride,Dopaminergic Drugs Used In Parkinsonism,Dopaminergic Drugs Used In Parkinsonism,Drugs Used In Park'ism/Related Disorders,Central Nervous System,Repinex,1
0409010H0BGAAAK,Raponer XL_Tab 2mg,Raponer XL,Ropinirole Hydrochloride,Dopaminergic Drugs Used In Parkinsonism,Dopaminergic Drugs Used In Parkinsonism,Drugs Used In Park'ism/Related Disorders,Central Nervous System,Raponer,1
0409010H0BGABAL,Raponer XL_Tab 4mg,Raponer XL,Ropinirole Hydrochloride,Dopaminergic Drugs Used In Parkinsonism,Dopaminergic Drugs Used In Parkinsonism,Drugs Used In Park'ism/Related Disorders,Central Nervous System,Raponer,1
0409010H0BGACAM,Raponer XL_Tab 8mg,Raponer XL,Ropinirole Hydrochloride,Dopaminergic Drugs Used In Parkinsonism,Dopaminergic Drugs Used In Parkinsonism,Drugs Used In Park'ism/Related Disorders,Central Nervous System,Raponer,1
0409010H0BHAAAK,Aimpart XL_Tab 2mg,Aimpart XL,Ropinirole Hydrochloride,Dopaminergic Drugs Used In Parkinsonism,Dopaminergic Drugs Used In Parkinsonism,Drugs Used In Park'ism/Related Disorders,Central Nervous System,Aimpart,1
0409010H0BHABAL,Aimpart XL_Tab 4mg,Aimpart XL,Ropinirole Hydrochloride,Dopaminergic Drugs Used In Parkinsonism,Dopaminergic Drugs Used In Parkinsonism,Drugs Used In Park'ism/Related Disorders,Central Nervous System,Aimpart,1
0409010H0BHACAM,Aimpart XL_Tab 8mg,Aimpart XL,Ropinirole Hydrochloride,Dopaminergic Drugs Used In Parkinsonism,Dopaminergic Drugs Used In Parkinsonism,Drugs Used In Park'ism/Related Disorders,Central Nervous System,Aimpart,1
0409010H0BIAAAK,Ipinnia XL_Tab 2mg,Ipinnia XL,Ropinirole Hydrochloride,Dopaminergic Drugs Used In Parkinsonism,Dopaminergic Drugs Used In Parkinsonism,Drugs Used In Park'ism/Related Disorders,Central Nervous System,Ipinnia,1
0409010H0BIABAR,Ipinnia XL_Tab 3mg,Ipinnia XL,Ropinirole Hydrochloride,Dopaminergic Drugs Used In Parkinsonism,Dopaminergic Drugs Used In Parkinsonism,Drugs Used In Park'ism/Related Disorders,Central Nervous System,Ipinnia,1
0409010H0BIACAL,Ipinnia XL_Tab 4mg,Ipinnia XL,Ropinirole Hydrochloride,Dopaminergic Drugs Used In Parkinsonism,Dopaminergic Drugs Used In Parkinsonism,Drugs Used In Park'ism/Related Disorders,Central Nervous System,Ipinnia,1
0409010H0BIADAS,Ipinnia XL_Tab 6mg,Ipinnia XL,Ropinirole Hydrochloride,Dopaminergic Drugs Used In Parkinsonism,Dopaminergic Drugs Used In Parkinsonism,Drugs Used In Park'ism/Related Disorders,Central Nervous System,Ipinnia,1
0409010H0BIAEAM,Ipinnia XL_Tab 8mg,Ipinnia XL,Ropinirole Hydrochloride,Dopaminergic Drugs Used In Parkinsonism,Dopaminergic Drugs Used In Parkinsonism,Drugs Used In Park'ism/Related Disorders,Central Nervous System,Ipinnia,1
0409010H0BJAAAK,Ropilynz XL_Tab 2mg,Ropilynz XL,Ropinirole Hydrochloride,Dopaminergic Drugs Used In Parkinsonism,Dopaminergic Drugs Used In Parkinsonism,Drugs Used In Park'ism/Related Disorders,Central Nervous System,Ropilynz,1
0409010H0BJABAL,Ropilynz XL_Tab 4mg,Ropilynz XL,Ropinirole Hydrochloride,Dopaminergic Drugs Used In Parkinsonism,Dopaminergic Drugs Used In Parkinsonism,Drugs Used In Park'ism/Related Disorders,Central Nervous System,Ropilynz,1
0409010H0BJACAM,Ropilynz XL_Tab 8mg,Ropilynz XL,Ropinirole Hydrochloride,Dopaminergic Drugs Used In Parkinsonism,Dopaminergic Drugs Used In Parkinsonism,Drugs Used In Park'ism/Related Disorders,Central Nervous System,Ropilynz,1
0409010H0BKAAAK,Ropiqual XL_Tab 2mg,Ropiqual,Ropinirole Hydrochloride,Dopaminergic Drugs Used In Parkinsonism,Dopaminergic Drugs Used In Parkinsonism,Drugs Used In Park'ism/Related Disorders,Central Nervous System,Ropiqual,1
0409010H0BKABAL,Ropiqual XL_Tab 4mg,Ropiqual,Ropinirole Hydrochloride,Dopaminergic Drugs Used In Parkinsonism,Dopaminergic Drugs Used In Parkinsonism,Drugs Used In Park'ism/Related Disorders,Central Nervous System,Ropiqual,1
0409010H0BKACAM,Ropiqual XL_Tab 8mg,Ropiqual,Ropinirole Hydrochloride,Dopaminergic Drugs Used In Parkinsonism,Dopaminergic Drugs Used In Parkinsonism,Drugs Used In Park'ism/Related Disorders,Central Nervous System,Ropiqual,1
0409010I0AAAAAA,Levodopa_Cap 40mg,Levodopa,Levodopa,Dopaminergic Drugs Used In Parkinsonism,Dopaminergic Drugs Used In Parkinsonism,Drugs Used In Park'ism/Related Disorders,Central Nervous System,Levodopa,1
0409010I0AAABAB,Levodopa_Cap 125mg,Levodopa,Levodopa,Dopaminergic Drugs Used In Parkinsonism,Dopaminergic Drugs Used In Parkinsonism,Drugs Used In Park'ism/Related Disorders,Central Nervous System,Levodopa,1
0409010I0AAACAC,Levodopa_Cap 250mg,Levodopa,Levodopa,Dopaminergic Drugs Used In Parkinsonism,Dopaminergic Drugs Used In Parkinsonism,Drugs Used In Park'ism/Related Disorders,Central Nervous System,Levodopa,1
0409010I0AAADAD,Levodopa_Cap 500mg,Levodopa,Levodopa,Dopaminergic Drugs Used In Parkinsonism,Dopaminergic Drugs Used In Parkinsonism,Drugs Used In Park'ism/Related Disorders,Central Nervous System,Levodopa,1
0409010I0AAAFAF,Levodopa_Tab 500mg,Levodopa,Levodopa,Dopaminergic Drugs Used In Parkinsonism,Dopaminergic Drugs Used In Parkinsonism,Drugs Used In Park'ism/Related Disorders,Central Nervous System,Levodopa,1
0409010I0AAAGAG,Levodopa_Cap 15mg,Levodopa,Levodopa,Dopaminergic Drugs Used In Parkinsonism,Dopaminergic Drugs Used In Parkinsonism,Drugs Used In Park'ism/Related Disorders,Central Nervous System,Levodopa,1
0409010I0AAAHAH,Levodopa_Oral Liq @spec,Levodopa,Levodopa,Dopaminergic Drugs Used In Parkinsonism,Dopaminergic Drugs Used In Parkinsonism,Drugs Used In Park'ism/Related Disorders,Central Nervous System,Levodopa,1
0409010I0AAAIAI,Levodopa_Cap 125mg                   @gn,Levodopa,Levodopa,Dopaminergic Drugs Used In Parkinsonism,Dopaminergic Drugs Used In Parkinsonism,Drugs Used In Park'ism/Related Disorders,Central Nervous System,Levodopa,1
0409010I0AAAJAJ,Levodopa_Liq Spec 125mg/5ml,Levodopa,Levodopa,Dopaminergic Drugs Used In Parkinsonism,Dopaminergic Drugs Used In Parkinsonism,Drugs Used In Park'ism/Related Disorders,Central Nervous System,Levodopa,1
0409010I0AAAKAK,Levodopa_Liq Spec 100mg/5ml,Levodopa,Levodopa,Dopaminergic Drugs Used In Parkinsonism,Dopaminergic Drugs Used In Parkinsonism,Drugs Used In Park'ism/Related Disorders,Central Nervous System,Levodopa,1
0409010I0AAALAL,Levodopa_Cap 62.5mg,Levodopa,Levodopa,Dopaminergic Drugs Used In Parkinsonism,Dopaminergic Drugs Used In Parkinsonism,Drugs Used In Park'ism/Related Disorders,Central Nervous System,Levodopa,1
0409010I0AAAMAM,Levodopa_Liq Spec 25mg/5ml,Levodopa,Levodopa,Dopaminergic Drugs Used In Parkinsonism,Dopaminergic Drugs Used In Parkinsonism,Drugs Used In Park'ism/Related Disorders,Central Nervous System,Levodopa,1
0409010I0BBAAAB,Brocadopa_Cap 125mg,Brocadopa,Levodopa,Dopaminergic Drugs Used In Parkinsonism,Dopaminergic Drugs Used In Parkinsonism,Drugs Used In Park'ism/Related Disorders,Central Nervous System,Brocadopa,1
0409010I0BBABAC,Brocadopa_Cap 250mg,Brocadopa,Levodopa,Dopaminergic Drugs Used In Parkinsonism,Dopaminergic Drugs Used In Parkinsonism,Drugs Used In Park'ism/Related Disorders,Central Nervous System,Brocadopa,1
0409010I0BBACAD,Brocadopa_Cap 500mg,Brocadopa,Levodopa,Dopaminergic Drugs Used In Parkinsonism,Dopaminergic Drugs Used In Parkinsonism,Drugs Used In Park'ism/Related Disorders,Central Nervous System,Brocadopa,1
0409010I0BCAAAF,Larodopa_Tab 500mg,Larodopa,Levodopa,Dopaminergic Drugs Used In Parkinsonism,Dopaminergic Drugs Used In Parkinsonism,Drugs Used In Park'ism/Related Disorders,Central Nervous System,Larodopa,1
0409010K0AAAAAA,Co-Beneldopa_Cap 12.5mg/50mg (Old),Co-Beneldopa,Co-Beneldopa (Benserazide/Levodopa),Dopaminergic Drugs Used In Parkinsonism,Dopaminergic Drugs Used In Parkinsonism,Drugs Used In Park'ism/Related Disorders,Central Nervous System,Co-Beneldopa,1
0409010K0AAABAB,Co-Beneldopa_Cap 25mg/100mg (Old),Co-Beneldopa,Co-Beneldopa (Benserazide/Levodopa),Dopaminergic Drugs Used In Parkinsonism,Dopaminergic Drugs Used In Parkinsonism,Drugs Used In Park'ism/Related Disorders,Central Nervous System,Co-Beneldopa,1
0409010K0AAACAC,Co-Beneldopa_Cap 50mg/200mg (Old),Co-Beneldopa,Co-Beneldopa (Benserazide/Levodopa),Dopaminergic Drugs Used In Parkinsonism,Dopaminergic Drugs Used In Parkinsonism,Drugs Used In Park'ism/Related Disorders,Central Nervous System,Co-Beneldopa,1
0409010K0AAADAD,Co-Beneldopa_Tab Disper 25mg/100mg (Old),Co-Beneldopa,Co-Beneldopa (Benserazide/Levodopa),Dopaminergic Drugs Used In Parkinsonism,Dopaminergic Drugs Used In Parkinsonism,Drugs Used In Park'ism/Related Disorders,Central Nervous System,Co-Beneldopa,1
0409010K0AAAEAE,Co-Beneldopa_Tab Disper 12.5mg/50mg(Old),Co-Beneldopa,Co-Beneldopa (Benserazide/Levodopa),Dopaminergic Drugs Used In Parkinsonism,Dopaminergic Drugs Used In Parkinsonism,Drugs Used In Park'ism/Related Disorders,Central Nervous System,Co-Beneldopa,1
0409010K0AAAFAF,Co-Beneldopa_Cap 25mg/100mg M/R,Co-Beneldopa,Co-Beneldopa (Benserazide/Levodopa),Dopaminergic Drugs Used In Parkinsonism,Dopaminergic Drugs Used In Parkinsonism,Drugs Used In Park'ism/Related Disorders,Central Nervous System,Co-Beneldopa,1
0409010K0AAAGAG,Co-Beneldopa_Tab 50mg/200mg,Co-Beneldopa,Co-Beneldopa (Benserazide/Levodopa),Dopaminergic Drugs Used In Parkinsonism,Dopaminergic Drugs Used In Parkinsonism,Drugs Used In Park'ism/Related Disorders,Central Nervous System,Co-Beneldopa,1
0409010K0AAAHAH,Co-Beneldopa_Liq Spec 25mg/100mg/5ml,Co-Beneldopa,Co-Beneldopa (Benserazide/Levodopa),Dopaminergic Drugs Used In Parkinsonism,Dopaminergic Drugs Used In Parkinsonism,Drugs Used In Park'ism/Related Disorders,Central Nervous System,Co-Beneldopa,1
0409010K0AAAIAI,Co-Beneldopa_Cap 12.5mg/50mg,Co-Beneldopa,Co-Beneldopa (Benserazide/Levodopa),Dopaminergic Drugs Used In Parkinsonism,Dopaminergic Drugs Used In Parkinsonism,Drugs Used In Park'ism/Related Disorders,Central Nervous System,Co-Beneldopa,1
0409010K0AAAJAJ,Co-Beneldopa_Cap 25mg/100mg,Co-Beneldopa,Co-Beneldopa (Benserazide/Levodopa),Dopaminergic Drugs Used In Parkinsonism,Dopaminergic Drugs Used In Parkinsonism,Drugs Used In Park'ism/Related Disorders,Central Nervous System,Co-Beneldopa,1
0409010K0AAAKAK,Co-Beneldopa_Cap 50mg/200mg,Co-Beneldopa,Co-Beneldopa (Benserazide/Levodopa),Dopaminergic Drugs Used In Parkinsonism,Dopaminergic Drugs Used In Parkinsonism,Drugs Used In Park'ism/Related Disorders,Central Nervous System,Co-Beneldopa,1
0409010K0AAALAL,Co-Beneldopa_Tab Disper 25mg/100mg S/F,Co-Beneldopa,Co-Beneldopa (Benserazide/Levodopa),Dopaminergic Drugs Used In Parkinsonism,Dopaminergic Drugs Used In Parkinsonism,Drugs Used In Park'ism/Related Disorders,Central Nervous System,Co-Beneldopa,1
0409010K0AAAMAM,Co-Beneldopa_Tab Disper 12.5mg/50mg S/F,Co-Beneldopa,Co-Beneldopa (Benserazide/Levodopa),Dopaminergic Drugs Used In Parkinsonism,Dopaminergic Drugs Used In Parkinsonism,Drugs Used In Park'ism/Related Disorders,Central Nervous System,Co-Beneldopa,1
0409010K0AAANAN,Co-Beneldopa_Liq Spec 12.5mg/50mg/5ml,Co-Beneldopa,Co-Beneldopa (Benserazide/Levodopa),Dopaminergic Drugs Used In Parkinsonism,Dopaminergic Drugs Used In Parkinsonism,Drugs Used In Park'ism/Related Disorders,Central Nervous System,Co-Beneldopa,1
0409010K0AAAPAP,Co-Beneldopa_Oral Susp 25mg/6.25mg/5ml,Co-Beneldopa,Co-Beneldopa (Benserazide/Levodopa),Dopaminergic Drugs Used In Parkinsonism,Dopaminergic Drugs Used In Parkinsonism,Drugs Used In Park'ism/Related Disorders,Central Nervous System,Co-Beneldopa,1
0409010K0BBAAAA,Madopar 62.5_Cap 12.5mg/50mg (Old),Madopar,Co-Beneldopa (Benserazide/Levodopa),Dopaminergic Drugs Used In Parkinsonism,Dopaminergic Drugs Used In Parkinsonism,Drugs Used In Park'ism/Related Disorders,Central Nervous System,Madopar,1
0409010K0BBABAB,Madopar 125_Cap 25mg/100mg (Old),Madopar,Co-Beneldopa (Benserazide/Levodopa),Dopaminergic Drugs Used In Parkinsonism,Dopaminergic Drugs Used In Parkinsonism,Drugs Used In Park'ism/Related Disorders,Central Nervous System,Madopar,1
0409010K0BBACAC,Madopar 250_Cap 50mg/200mg (Old),Madopar,Co-Beneldopa (Benserazide/Levodopa),Dopaminergic Drugs Used In Parkinsonism,Dopaminergic Drugs Used In Parkinsonism,Drugs Used In Park'ism/Related Disorders,Central Nervous System,Madopar,1
0409010K0BBADAD,Madopar 125_Tab Disper 25mg/100mg (Old),Madopar,Co-Beneldopa (Benserazide/Levodopa),Dopaminergic Drugs Used In Parkinsonism,Dopaminergic Drugs Used In Parkinsonism,Drugs Used In Park'ism/Related Disorders,Central Nervous System,Madopar,1
0409010K0BBAEAE,Madopar 62.5_Tab Disper 12.5mg/50mg(Old),Madopar,Co-Beneldopa (Benserazide/Levodopa),Dopaminergic Drugs Used In Parkinsonism,Dopaminergic Drugs Used In Parkinsonism,Drugs Used In Park'ism/Related Disorders,Central Nervous System,Madopar,1
0409010K0BBAGAF,Madopar CR_Cap 125mg (Old),Madopar,Co-Beneldopa (Benserazide/Levodopa),Dopaminergic Drugs Used In Parkinsonism,Dopaminergic Drugs Used In Parkinsonism,Drugs Used In Park'ism/Related Disorders,Central Nervous System,Madopar,1
0409010K0BBAHAG,Madopar_Tab 250mg (Import),Madopar,Co-Beneldopa (Benserazide/Levodopa),Dopaminergic Drugs Used In Parkinsonism,Dopaminergic Drugs Used In Parkinsonism,Drugs Used In Park'ism/Related Disorders,Central Nervous System,Madopar,1
0409010K0BBAIAA,Madopar_Cap 50mg/12.5mg,Madopar,Co-Beneldopa (Benserazide/Levodopa),Dopaminergic Drugs Used In Parkinsonism,Dopaminergic Drugs Used In Parkinsonism,Drugs Used In Park'ism/Related Disorders,Central Nervous System,Madopar,1
0409010K0BBAJAE,Madopar_Tab Disper 50mg/12.5mg,Madopar,Co-Beneldopa (Benserazide/Levodopa),Dopaminergic Drugs Used In Parkinsonism,Dopaminergic Drugs Used In Parkinsonism,Drugs Used In Park'ism/Related Disorders,Central Nervous System,Madopar,1
0409010K0BBAKAB,Madopar_Cap 100mg/25mg,Madopar,Co-Beneldopa (Benserazide/Levodopa),Dopaminergic Drugs Used In Parkinsonism,Dopaminergic Drugs Used In Parkinsonism,Drugs Used In Park'ism/Related Disorders,Central Nervous System,Madopar,1
0409010K0BBALAD,Madopar_Tab Disper 100mg/25mg,Madopar,Co-Beneldopa (Benserazide/Levodopa),Dopaminergic Drugs Used In Parkinsonism,Dopaminergic Drugs Used In Parkinsonism,Drugs Used In Park'ism/Related Disorders,Central Nervous System,Madopar,1
0409010K0BBAMAC,Madopar_Cap 200mg/50mg,Madopar,Co-Beneldopa (Benserazide/Levodopa),Dopaminergic Drugs Used In Parkinsonism,Dopaminergic Drugs Used In Parkinsonism,Drugs Used In Park'ism/Related Disorders,Central Nervous System,Madopar,1
0409010K0BBANAF,Madopar CR_Cap,Madopar,Co-Beneldopa (Benserazide/Levodopa),Dopaminergic Drugs Used In Parkinsonism,Dopaminergic Drugs Used In Parkinsonism,Drugs Used In Park'ism/Related Disorders,Central Nervous System,Madopar,1
0409010N0AAAAAA,Co-Careldopa_Tab 10mg/100mg,Co-Careldopa,Co-Careldopa (Carbidopa/Levodopa),Dopaminergic Drugs Used In Parkinsonism,Dopaminergic Drugs Used In Parkinsonism,Drugs Used In Park'ism/Related Disorders,Central Nervous System,Co-Careldopa,1
0409010N0AAABAB,Co-Careldopa_Tab 25mg/100mg,Co-Careldopa,Co-Careldopa (Carbidopa/Levodopa),Dopaminergic Drugs Used In Parkinsonism,Dopaminergic Drugs Used In Parkinsonism,Drugs Used In Park'ism/Related Disorders,Central Nervous System,Co-Careldopa,1
0409010N0AAACAC,Co-Careldopa_Tab 25mg/250mg,Co-Careldopa,Co-Careldopa (Carbidopa/Levodopa),Dopaminergic Drugs Used In Parkinsonism,Dopaminergic Drugs Used In Parkinsonism,Drugs Used In Park'ism/Related Disorders,Central Nervous System,Co-Careldopa,1
0409010N0AAADAD,Co-Careldopa_Tab 12.5mg/50mg,Co-Careldopa,Co-Careldopa (Carbidopa/Levodopa),Dopaminergic Drugs Used In Parkinsonism,Dopaminergic Drugs Used In Parkinsonism,Drugs Used In Park'ism/Related Disorders,Central Nervous System,Co-Careldopa,1
0409010N0AAAEAE,Co-Careldopa_Tab 50mg/200mg M/R,Co-Careldopa,Co-Careldopa (Carbidopa/Levodopa),Dopaminergic Drugs Used In Parkinsonism,Dopaminergic Drugs Used In Parkinsonism,Drugs Used In Park'ism/Related Disorders,Central Nervous System,Co-Careldopa,1
0409010N0AAAFAF,Co-Careldopa_Elix 20mg/200mg/5ml,Co-Careldopa,Co-Careldopa (Carbidopa/Levodopa),Dopaminergic Drugs Used In Parkinsonism,Dopaminergic Drugs Used In Parkinsonism,Drugs Used In Park'ism/Related Disorders,Central Nervous System,Co-Careldopa,1
0409010N0AAAGAG,Co-Careldopa_Tab 25mg/100mg M/R,Co-Careldopa,Co-Careldopa (Carbidopa/Levodopa),Dopaminergic Drugs Used In Parkinsonism,Dopaminergic Drugs Used In Parkinsonism,Drugs Used In Park'ism/Related Disorders,Central Nervous System,Co-Careldopa,1
0409010N0AAAHAH,Co-Careldopa_Oral Liq @spec,Co-Careldopa,Co-Careldopa (Carbidopa/Levodopa),Dopaminergic Drugs Used In Parkinsonism,Dopaminergic Drugs Used In Parkinsonism,Drugs Used In Park'ism/Related Disorders,Central Nervous System,Co-Careldopa,1
0409010N0AAAIAI,Co-Careldopa_Liq Spec 25mg/250mg/5ml,Co-Careldopa,Co-Careldopa (Carbidopa/Levodopa),Dopaminergic Drugs Used In Parkinsonism,Dopaminergic Drugs Used In Parkinsonism,Drugs Used In Park'ism/Related Disorders,Central Nervous System,Co-Careldopa,1
0409010N0AAAJAJ,Co-Careldopa_Liq Spec 10mg/100mg/5ml,Co-Careldopa,Co-Careldopa (Carbidopa/Levodopa),Dopaminergic Drugs Used In Parkinsonism,Dopaminergic Drugs Used In Parkinsonism,Drugs Used In Park'ism/Related Disorders,Central Nervous System,Co-Careldopa,1
0409010N0AAAKAK,Co-Careldopa_Oral Soln 25mg/100mg/5ml,Co-Careldopa,Co-Careldopa (Carbidopa/Levodopa),Dopaminergic Drugs Used In Parkinsonism,Dopaminergic Drugs Used In Parkinsonism,Drugs Used In Park'ism/Related Disorders,Central Nervous System,Co-Careldopa,1
0409010N0AAALAL,Co-Careldopa_Cap 10mg/100mg,Co-Careldopa,Co-Careldopa (Carbidopa/Levodopa),Dopaminergic Drugs Used In Parkinsonism,Dopaminergic Drugs Used In Parkinsonism,Drugs Used In Park'ism/Related Disorders,Central Nervous System,Co-Careldopa,1
0409010N0AAAMAM,Co-Careldopa_Liq Spec 12.5mg/50mg/5ml,Co-Careldopa,Co-Careldopa (Carbidopa/Levodopa),Dopaminergic Drugs Used In Parkinsonism,Dopaminergic Drugs Used In Parkinsonism,Drugs Used In Park'ism/Related Disorders,Central Nervous System,Co-Careldopa,1
0409010N0AAANAN,Co-Careldopa_Liq Spec 50mg/200mg/5ml,Co-Careldopa,Co-Careldopa (Carbidopa/Levodopa),Dopaminergic Drugs Used In Parkinsonism,Dopaminergic Drugs Used In Parkinsonism,Drugs Used In Park'ism/Related Disorders,Central Nervous System,Co-Careldopa,1
0409010N0AAAPAP,Co-Careldopa_Liq Spec 6.25mg/25mg/5ml,Co-Careldopa,Co-Careldopa (Carbidopa/Levodopa),Dopaminergic Drugs Used In Parkinsonism,Dopaminergic Drugs Used In Parkinsonism,Drugs Used In Park'ism/Related Disorders,Central Nervous System,Co-Careldopa,1
0409010N0AAAQAQ,Co-Careldopa_Liq Spec 2.5mg/10mg/5ml,Co-Careldopa,Co-Careldopa (Carbidopa/Levodopa),Dopaminergic Drugs Used In Parkinsonism,Dopaminergic Drugs Used In Parkinsonism,Drugs Used In Park'ism/Related Disorders,Central Nervous System,Co-Careldopa,1
0409010N0AAARAR,Co-Careldopa_Gel 2g/500mg 100ml,Co-Careldopa,Co-Careldopa (Carbidopa/Levodopa),Dopaminergic Drugs Used In Parkinsonism,Dopaminergic Drugs Used In Parkinsonism,Drugs Used In Park'ism/Related Disorders,Central Nervous System,Co-Careldopa,1
0409010N0AAASAS,Co-Careldopa_Liq Spec 37.5mg/150mg/5ml,Co-Careldopa,Co-Careldopa (Carbidopa/Levodopa),Dopaminergic Drugs Used In Parkinsonism,Dopaminergic Drugs Used In Parkinsonism,Drugs Used In Park'ism/Related Disorders,Central Nervous System,Co-Careldopa,1
0409010N0AAATAT,Co-Careldopa_Liq Spec 625mcg/2.5mg/5ml,Co-Careldopa,Co-Careldopa (Carbidopa/Levodopa),Dopaminergic Drugs Used In Parkinsonism,Dopaminergic Drugs Used In Parkinsonism,Drugs Used In Park'ism/Related Disorders,Central Nervous System,Co-Careldopa,1
0409010N0AAAUAU,Co-Careldopa_Oral Susp 25mg/100mg/5ml,Co-Careldopa,Co-Careldopa (Carbidopa/Levodopa),Dopaminergic Drugs Used In Parkinsonism,Dopaminergic Drugs Used In Parkinsonism,Drugs Used In Park'ism/Related Disorders,Central Nervous System,Co-Careldopa,1
0409010N0AAAVAV,Co-Careldopa_Oral Susp 12.5mg/50mg/5ml,Co-Careldopa,Co-Careldopa (Carbidopa/Levodopa),Dopaminergic Drugs Used In Parkinsonism,Dopaminergic Drugs Used In Parkinsonism,Drugs Used In Park'ism/Related Disorders,Central Nervous System,Co-Careldopa,1
0409010N0AAAWAW,Co-Careldopa_Oral Susp 3.125/12.5mg/5ml,Co-Careldopa,Co-Careldopa (Carbidopa/Levodopa),Dopaminergic Drugs Used In Parkinsonism,Dopaminergic Drugs Used In Parkinsonism,Drugs Used In Park'ism/Related Disorders,Central Nervous System,Co-Careldopa,1
0409010N0AAAXAX,Co-Careldopa_Oral Susp 5mg/50mg/5ml,Co-Careldopa,Co-Careldopa (Carbidopa/Levodopa),Dopaminergic Drugs Used In Parkinsonism,Dopaminergic Drugs Used In Parkinsonism,Drugs Used In Park'ism/Related Disorders,Central Nervous System,Co-Careldopa,1
0409010N0AAAYAY,Co-Careldopa_Oral Susp 10mg/40mg/5ml,Co-Careldopa,Co-Careldopa (Carbidopa/Levodopa),Dopaminergic Drugs Used In Parkinsonism,Dopaminergic Drugs Used In Parkinsonism,Drugs Used In Park'ism/Related Disorders,Central Nervous System,Co-Careldopa,1
0409010N0BBAAAA,Sinemet_Tab 10mg/100mg,Sinemet,Co-Careldopa (Carbidopa/Levodopa),Dopaminergic Drugs Used In Parkinsonism,Dopaminergic Drugs Used In Parkinsonism,Drugs Used In Park'ism/Related Disorders,Central Nervous System,Sinemet,1
0409010N0BBABAC,Sinemet_Tab 25mg/250mg,Sinemet,Co-Careldopa (Carbidopa/Levodopa),Dopaminergic Drugs Used In Parkinsonism,Dopaminergic Drugs Used In Parkinsonism,Drugs Used In Park'ism/Related Disorders,Central Nervous System,Sinemet,1
0409010N0BBACAB,Sinemet-Plus_Tab 125mg,Sinemet,Co-Careldopa (Carbidopa/Levodopa),Dopaminergic Drugs Used In Parkinsonism,Dopaminergic Drugs Used In Parkinsonism,Drugs Used In Park'ism/Related Disorders,Central Nervous System,Sinemet,1
0409010N0BBADAD,Sinemet LS_Tab 62.5mg,Sinemet,Co-Careldopa (Carbidopa/Levodopa),Dopaminergic Drugs Used In Parkinsonism,Dopaminergic Drugs Used In Parkinsonism,Drugs Used In Park'ism/Related Disorders,Central Nervous System,Sinemet,1
0409010N0BBAEAE,Sinemet CR_Tab 250mg,Sinemet,Co-Careldopa (Carbidopa/Levodopa),Dopaminergic Drugs Used In Parkinsonism,Dopaminergic Drugs Used In Parkinsonism,Drugs Used In Park'ism/Related Disorders,Central Nervous System,Sinemet,1
0409010N0BBAFAG,Half Sinemet CR_Tab 125mg,Sinemet,Co-Careldopa (Carbidopa/Levodopa),Dopaminergic Drugs Used In Parkinsonism,Dopaminergic Drugs Used In Parkinsonism,Drugs Used In Park'ism/Related Disorders,Central Nervous System,Sinemet,1
0409010N0BBAGAD,Sinemet_Tab 12.5mg/50mg,Sinemet,Co-Careldopa (Carbidopa/Levodopa),Dopaminergic Drugs Used In Parkinsonism,Dopaminergic Drugs Used In Parkinsonism,Drugs Used In Park'ism/Related Disorders,Central Nervous System,Sinemet,1
0409010N0BBAHAG,Sinemet LP_Tab 125mg,Sinemet,Co-Careldopa (Carbidopa/Levodopa),Dopaminergic Drugs Used In Parkinsonism,Dopaminergic Drugs Used In Parkinsonism,Drugs Used In Park'ism/Related Disorders,Central Nervous System,Sinemet,1
0409010N0BCAAAE,Tilolec_Tab 200mg/50mg,Tilolec,Co-Careldopa (Carbidopa/Levodopa),Dopaminergic Drugs Used In Parkinsonism,Dopaminergic Drugs Used In Parkinsonism,Drugs Used In Park'ism/Related Disorders,Central Nervous System,Tilolec,1
0409010N0BCABAG,Tilolec_Tab 100mg/25mg,Tilolec,Co-Careldopa (Carbidopa/Levodopa),Dopaminergic Drugs Used In Parkinsonism,Dopaminergic Drugs Used In Parkinsonism,Drugs Used In Park'ism/Related Disorders,Central Nervous System,Tilolec,1
0409010N0BDAAAR,Duodopa_Intestinal Gel Cassette 100ml,Duodopa,Co-Careldopa (Carbidopa/Levodopa),Dopaminergic Drugs Used In Parkinsonism,Dopaminergic Drugs Used In Parkinsonism,Drugs Used In Park'ism/Related Disorders,Central Nervous System,Duodopa,1
0409010N0BEAAAG,Caramet CR_Tab 25mg/100mg,Caramet,Co-Careldopa (Carbidopa/Levodopa),Dopaminergic Drugs Used In Parkinsonism,Dopaminergic Drugs Used In Parkinsonism,Drugs Used In Park'ism/Related Disorders,Central Nervous System,Caramet,1
0409010N0BEABAE,Caramet CR_Tab 50mg/200mg,Caramet,Co-Careldopa (Carbidopa/Levodopa),Dopaminergic Drugs Used In Parkinsonism,Dopaminergic Drugs Used In Parkinsonism,Drugs Used In Park'ism/Related Disorders,Central Nervous System,Caramet,1
0409010N0BFAAAG,Lecado_Tab 100mg/25mg M/R,Lecado,Co-Careldopa (Carbidopa/Levodopa),Dopaminergic Drugs Used In Parkinsonism,Dopaminergic Drugs Used In Parkinsonism,Drugs Used In Park'ism/Related Disorders,Central Nervous System,Lecado,1
0409010N0BFABAE,Lecado_Tab 200mg/50mg M/R,Lecado,Co-Careldopa (Carbidopa/Levodopa),Dopaminergic Drugs Used In Parkinsonism,Dopaminergic Drugs Used In Parkinsonism,Drugs Used In Park'ism/Related Disorders,Central Nervous System,Lecado,1
0409010N0BGAAAE,Apodespan PR_Tab 50mg/200mg,Apodespan,Co-Careldopa (Carbidopa/Levodopa),Dopaminergic Drugs Used In Parkinsonism,Dopaminergic Drugs Used In Parkinsonism,Drugs Used In Park'ism/Related Disorders,Central Nervous System,Apodespan,1
0409010P0AAAAAA,Pergolide Mesil_Tab 50mcg,Pergolide Mesil,Pergolide Mesilate,Dopaminergic Drugs Used In Parkinsonism,Dopaminergic Drugs Used In Parkinsonism,Drugs Used In Park'ism/Related Disorders,Central Nervous System,Pergolide,1
0409010P0AAABAB,Pergolide Mesil_Tab 250mcg,Pergolide Mesil,Pergolide Mesilate,Dopaminergic Drugs Used In Parkinsonism,Dopaminergic Drugs Used In Parkinsonism,Drugs Used In Park'ism/Related Disorders,Central Nervous System,Pergolide,1
0409010P0AAACAC,Pergolide Mesil_Tab 1mg,Pergolide Mesil,Pergolide Mesilate,Dopaminergic Drugs Used In Parkinsonism,Dopaminergic Drugs Used In Parkinsonism,Drugs Used In Park'ism/Related Disorders,Central Nervous System,Pergolide,1
0409010P0AAADAD,Pergolide Mesil_Tab 0.05mg (Import),Pergolide Mesil,Pergolide Mesilate,Dopaminergic Drugs Used In Parkinsonism,Dopaminergic Drugs Used In Parkinsonism,Drugs Used In Park'ism/Related Disorders,Central Nervous System,Pergolide,1
0409010P0AAAEAE,Pergolide Mesil_Tab S/Pack50/250mcg14Day,Pergolide Mesil,Pergolide Mesilate,Dopaminergic Drugs Used In Parkinsonism,Dopaminergic Drugs Used In Parkinsonism,Drugs Used In Park'ism/Related Disorders,Central Nervous System,Pergolide,1
0409010P0AAAFAF,Pergolide Mesil_Pdrs 1mg,Pergolide Mesil,Pergolide Mesilate,Dopaminergic Drugs Used In Parkinsonism,Dopaminergic Drugs Used In Parkinsonism,Drugs Used In Park'ism/Related Disorders,Central Nervous System,Pergolide,1
0409010P0AAAGAG,Pergolide Mesil_Tab 50mcg            @gn,Pergolide Mesil,Pergolide Mesilate,Dopaminergic Drugs Used In Parkinsonism,Dopaminergic Drugs Used In Parkinsonism,Drugs Used In Park'ism/Related Disorders,Central Nervous System,Pergolide,1
0409010P0AAAHAH,Pergolide Mesil_Tab 1mg              @gn,Pergolide Mesil,Pergolide Mesilate,Dopaminergic Drugs Used In Parkinsonism,Dopaminergic Drugs Used In Parkinsonism,Drugs Used In Park'ism/Related Disorders,Central Nervous System,Pergolide,1
0409010P0AAAIAI,Pergolide Mesil_Tab 250mcg           @gn,Pergolide Mesil,Pergolide Mesilate,Dopaminergic Drugs Used In Parkinsonism,Dopaminergic Drugs Used In Parkinsonism,Drugs Used In Park'ism/Related Disorders,Central Nervous System,Pergolide,1
0409010P0AAAJAJ,Pergolide Mesil_Tab S/Pack50/250mcg30Day,Pergolide Mesil,Pergolide Mesilate,Dopaminergic Drugs Used In Parkinsonism,Dopaminergic Drugs Used In Parkinsonism,Drugs Used In Park'ism/Related Disorders,Central Nervous System,Pergolide,1
0409010P0BBAAAA,Celance_Tab 50mcg,Celance,Pergolide Mesilate,Dopaminergic Drugs Used In Parkinsonism,Dopaminergic Drugs Used In Parkinsonism,Drugs Used In Park'ism/Related Disorders,Central Nervous System,Celance,1
0409010P0BBABAB,Celance_Tab 250mcg,Celance,Pergolide Mesilate,Dopaminergic Drugs Used In Parkinsonism,Dopaminergic Drugs Used In Parkinsonism,Drugs Used In Park'ism/Related Disorders,Central Nervous System,Celance,1
0409010P0BBACAC,Celance_Tab 1mg,Celance,Pergolide Mesilate,Dopaminergic Drugs Used In Parkinsonism,Dopaminergic Drugs Used In Parkinsonism,Drugs Used In Park'ism/Related Disorders,Central Nervous System,Celance,1
0409010P0BBADAE,Celance_Tab S/Pack 50mcg/250mcg (14 Day),Celance,Pergolide Mesilate,Dopaminergic Drugs Used In Parkinsonism,Dopaminergic Drugs Used In Parkinsonism,Drugs Used In Park'ism/Related Disorders,Central Nervous System,Celance,1
0409010P0BBAEAJ,Celance_Tab S/Pack 50mcg/250mcg (30 Day),Celance,Pergolide Mesilate,Dopaminergic Drugs Used In Parkinsonism,Dopaminergic Drugs Used In Parkinsonism,Drugs Used In Park'ism/Related Disorders,Central Nervous System,Celance,1
0409010P0BCAAAA,Permax_Tab 50mcg,Permax,Pergolide Mesilate,Dopaminergic Drugs Used In Parkinsonism,Dopaminergic Drugs Used In Parkinsonism,Drugs Used In Park'ism/Related Disorders,Central Nervous System,Permax,1
0409010P0BCABAB,Permax_Tab 250mcg,Permax,Pergolide Mesilate,Dopaminergic Drugs Used In Parkinsonism,Dopaminergic Drugs Used In Parkinsonism,Drugs Used In Park'ism/Related Disorders,Central Nervous System,Permax,1
0409010T0AAAAAA,Selegiline HCl_Tab 5mg,Selegiline HCl,Selegiline Hydrochloride,Dopaminergic Drugs Used In Parkinsonism,Dopaminergic Drugs Used In Parkinsonism,Drugs Used In Park'ism/Related Disorders,Central Nervous System,Selegiline,1
0409010T0AAABAB,Selegiline HCl_Susp 5mg/5ml,Selegiline HCl,Selegiline Hydrochloride,Dopaminergic Drugs Used In Parkinsonism,Dopaminergic Drugs Used In Parkinsonism,Drugs Used In Park'ism/Related Disorders,Central Nervous System,Selegiline,1
0409010T0AAACAC,Selegiline HCl_Tab 10mg,Selegiline HCl,Selegiline Hydrochloride,Dopaminergic Drugs Used In Parkinsonism,Dopaminergic Drugs Used In Parkinsonism,Drugs Used In Park'ism/Related Disorders,Central Nervous System,Selegiline,1
0409010T0AAADAD,Selegiline HCl_Susp 10mg/5ml,Selegiline HCl,Selegiline Hydrochloride,Dopaminergic Drugs Used In Parkinsonism,Dopaminergic Drugs Used In Parkinsonism,Drugs Used In Park'ism/Related Disorders,Central Nervous System,Selegiline,1
0409010T0AAAEAE,Selegiline HCl_Oral Liq @spec,Selegiline HCl,Selegiline Hydrochloride,Dopaminergic Drugs Used In Parkinsonism,Dopaminergic Drugs Used In Parkinsonism,Drugs Used In Park'ism/Related Disorders,Central Nervous System,Selegiline,1
0409010T0AAAFAF,Selegiline HCl_Oral Soln 10mg/5ml (Old),Selegiline HCl,Selegiline Hydrochloride,Dopaminergic Drugs Used In Parkinsonism,Dopaminergic Drugs Used In Parkinsonism,Drugs Used In Park'ism/Related Disorders,Central Nervous System,Selegiline,1
0409010T0AAAGAG,Selegiline HCl_Liq Spec 5mg/5ml,Selegiline HCl,Selegiline Hydrochloride,Dopaminergic Drugs Used In Parkinsonism,Dopaminergic Drugs Used In Parkinsonism,Drugs Used In Park'ism/Related Disorders,Central Nervous System,Selegiline,1
0409010T0AAAHAH,Selegiline HCl_Oral Soln 5mg/5ml S/F,Selegiline HCl,Selegiline Hydrochloride,Dopaminergic Drugs Used In Parkinsonism,Dopaminergic Drugs Used In Parkinsonism,Drugs Used In Park'ism/Related Disorders,Central Nervous System,Selegiline,1
0409010T0AAAIAI,Selegiline HCl_Liq Spec 19mg/5ml,Selegiline HCl,Selegiline Hydrochloride,Dopaminergic Drugs Used In Parkinsonism,Dopaminergic Drugs Used In Parkinsonism,Drugs Used In Park'ism/Related Disorders,Central Nervous System,Selegiline,1
0409010T0AAAJAJ,Selegiline HCl_Liq Spec 10mg/5ml,Selegiline HCl,Selegiline Hydrochloride,Dopaminergic Drugs Used In Parkinsonism,Dopaminergic Drugs Used In Parkinsonism,Drugs Used In Park'ism/Related Disorders,Central Nervous System,Selegiline,1
0409010T0AAAKAK,Selegiline HCl_Oral Lyoph Tab 1.25mg S/F,Selegiline HCl,Selegiline Hydrochloride,Dopaminergic Drugs Used In Parkinsonism,Dopaminergic Drugs Used In Parkinsonism,Drugs Used In Park'ism/Related Disorders,Central Nervous System,Selegiline,1
0409010T0AAALAL,Selegiline HCl_Oral Soln 10mg/5ml,Selegiline HCl,Selegiline Hydrochloride,Dopaminergic Drugs Used In Parkinsonism,Dopaminergic Drugs Used In Parkinsonism,Drugs Used In Park'ism/Related Disorders,Central Nervous System,Selegiline,1
0409010T0BBAAAA,Eldepryl_Tab 5mg,Eldepryl,Selegiline Hydrochloride,Dopaminergic Drugs Used In Parkinsonism,Dopaminergic Drugs Used In Parkinsonism,Drugs Used In Park'ism/Related Disorders,Central Nervous System,Eldepryl,1
0409010T0BBABAC,Eldepryl_Tab 10mg,Eldepryl,Selegiline Hydrochloride,Dopaminergic Drugs Used In Parkinsonism,Dopaminergic Drugs Used In Parkinsonism,Drugs Used In Park'ism/Related Disorders,Central Nervous System,Eldepryl,1
0409010T0BBACAF,Eldepryl_Syr 10mg/5ml,Eldepryl,Selegiline Hydrochloride,Dopaminergic Drugs Used In Parkinsonism,Dopaminergic Drugs Used In Parkinsonism,Drugs Used In Park'ism/Related Disorders,Central Nervous System,Eldepryl,1
0409010T0BCAAAA,Vivapryl_Tab 5mg,Vivapryl,Selegiline Hydrochloride,Dopaminergic Drugs Used In Parkinsonism,Dopaminergic Drugs Used In Parkinsonism,Drugs Used In Park'ism/Related Disorders,Central Nervous System,Vivapryl,1
0409010T0BCABAC,Vivapryl_Tab 10mg,Vivapryl,Selegiline Hydrochloride,Dopaminergic Drugs Used In Parkinsonism,Dopaminergic Drugs Used In Parkinsonism,Drugs Used In Park'ism/Related Disorders,Central Nervous System,Vivapryl,1
0409010T0BDAAAA,Stilline 5_Tab 5mg,Stilline,Selegiline Hydrochloride,Dopaminergic Drugs Used In Parkinsonism,Dopaminergic Drugs Used In Parkinsonism,Drugs Used In Park'ism/Related Disorders,Central Nervous System,Stilline,1
0409010T0BDABAC,Stilline 10_Tab 10mg,Stilline,Selegiline Hydrochloride,Dopaminergic Drugs Used In Parkinsonism,Dopaminergic Drugs Used In Parkinsonism,Drugs Used In Park'ism/Related Disorders,Central Nervous System,Stilline,1
0409010T0BEAAAA,Centrapryl 5_Tab 5mg,Centrapryl,Selegiline Hydrochloride,Dopaminergic Drugs Used In Parkinsonism,Dopaminergic Drugs Used In Parkinsonism,Drugs Used In Park'ism/Related Disorders,Central Nervous System,Centrapryl,1
0409010T0BEABAC,Centrapryl 10_Tab 10mg,Centrapryl,Selegiline Hydrochloride,Dopaminergic Drugs Used In Parkinsonism,Dopaminergic Drugs Used In Parkinsonism,Drugs Used In Park'ism/Related Disorders,Central Nervous System,Centrapryl,1
0409010T0BFAAAK,Zelapar_Oral Lyophilisate Tab 1.25mg,Zelapar,Selegiline Hydrochloride,Dopaminergic Drugs Used In Parkinsonism,Dopaminergic Drugs Used In Parkinsonism,Drugs Used In Park'ism/Related Disorders,Central Nervous System,Zelapar,1
0409010U0AAAAAA,Cabergoline_Tab 1mg,Cabergoline (Parkinsonism),Cabergoline,Dopaminergic Drugs Used In Parkinsonism,Dopaminergic Drugs Used In Parkinsonism,Drugs Used In Park'ism/Related Disorders,Central Nervous System,Cabergoline,1
0409010U0AAABAB,Cabergoline_Tab 2mg,Cabergoline (Parkinsonism),Cabergoline,Dopaminergic Drugs Used In Parkinsonism,Dopaminergic Drugs Used In Parkinsonism,Drugs Used In Park'ism/Related Disorders,Central Nervous System,Cabergoline,1
0409010U0AAACAC,Cabergoline_Tab 4mg,Cabergoline (Parkinsonism),Cabergoline,Dopaminergic Drugs Used In Parkinsonism,Dopaminergic Drugs Used In Parkinsonism,Drugs Used In Park'ism/Related Disorders,Central Nervous System,Cabergoline,1
0409010U0BBAAAA,Cabaser_Tab 1mg,Cabaser,Cabergoline,Dopaminergic Drugs Used In Parkinsonism,Dopaminergic Drugs Used In Parkinsonism,Drugs Used In Park'ism/Related Disorders,Central Nervous System,Cabaser,1
0409010U0BBABAB,Cabaser_Tab 2mg,Cabaser,Cabergoline,Dopaminergic Drugs Used In Parkinsonism,Dopaminergic Drugs Used In Parkinsonism,Drugs Used In Park'ism/Related Disorders,Central Nervous System,Cabaser,1
0409010U0BBACAC,Cabaser_Tab 4mg,Cabaser,Cabergoline,Dopaminergic Drugs Used In Parkinsonism,Dopaminergic Drugs Used In Parkinsonism,Drugs Used In Park'ism/Related Disorders,Central Nervous System,Cabaser,1
0409010V0AAAAAA,Entacapone_Tab 200mg,Entacapone,Entacapone,Dopaminergic Drugs Used In Parkinsonism,Dopaminergic Drugs Used In Parkinsonism,Drugs Used In Park'ism/Related Disorders,Central Nervous System,Entacapone,1
0409010V0AAABAB,Entacapone_Liq Spec 400mg/5ml,Entacapone,Entacapone,Dopaminergic Drugs Used In Parkinsonism,Dopaminergic Drugs Used In Parkinsonism,Drugs Used In Park'ism/Related Disorders,Central Nervous System,Entacapone,1
0409010V0AAACAC,Entacapone_Liq Spec 200mg/5ml,Entacapone,Entacapone,Dopaminergic Drugs Used In Parkinsonism,Dopaminergic Drugs Used In Parkinsonism,Drugs Used In Park'ism/Related Disorders,Central Nervous System,Entacapone,1
0409010V0AAADAD,Entacapone_Pdrs 200mg,Entacapone,Entacapone,Dopaminergic Drugs Used In Parkinsonism,Dopaminergic Drugs Used In Parkinsonism,Drugs Used In Park'ism/Related Disorders,Central Nervous System,Entacapone,1
0409010V0BBAAAA,Comtess_Tab 200mg,Comtess,Entacapone,Dopaminergic Drugs Used In Parkinsonism,Dopaminergic Drugs Used In Parkinsonism,Drugs Used In Park'ism/Related Disorders,Central Nervous System,Comtess,1
0409010W0AAAAAA,Pramipexole_Tab 700mcg,Pramipexole,Pramipexole,Dopaminergic Drugs Used In Parkinsonism,Dopaminergic Drugs Used In Parkinsonism,Drugs Used In Park'ism/Related Disorders,Central Nervous System,Pramipexole,1
0409010W0AAABAB,Pramipexole_Tab 180mcg,Pramipexole,Pramipexole,Dopaminergic Drugs Used In Parkinsonism,Dopaminergic Drugs Used In Parkinsonism,Drugs Used In Park'ism/Related Disorders,Central Nervous System,Pramipexole,1
0409010W0AAACAC,Pramipexole_Tab 88mcg,Pramipexole,Pramipexole,Dopaminergic Drugs Used In Parkinsonism,Dopaminergic Drugs Used In Parkinsonism,Drugs Used In Park'ism/Related Disorders,Central Nervous System,Pramipexole,1
0409010W0AAADAD,Pramipexole_Tab 350mcg,Pramipexole,Pramipexole,Dopaminergic Drugs Used In Parkinsonism,Dopaminergic Drugs Used In Parkinsonism,Drugs Used In Park'ism/Related Disorders,Central Nervous System,Pramipexole,1
0409010W0AAAEAE,Pramipexole_Tab 260mcg M/R,Pramipexole,Pramipexole,Dopaminergic Drugs Used In Parkinsonism,Dopaminergic Drugs Used In Parkinsonism,Drugs Used In Park'ism/Related Disorders,Central Nervous System,Pramipexole,1
0409010W0AAAFAF,Pramipexole_Tab 520mcg M/R,Pramipexole,Pramipexole,Dopaminergic Drugs Used In Parkinsonism,Dopaminergic Drugs Used In Parkinsonism,Drugs Used In Park'ism/Related Disorders,Central Nervous System,Pramipexole,1
0409010W0AAAGAG,Pramipexole_Tab 1.05mg M/R,Pramipexole,Pramipexole,Dopaminergic Drugs Used In Parkinsonism,Dopaminergic Drugs Used In Parkinsonism,Drugs Used In Park'ism/Related Disorders,Central Nervous System,Pramipexole,1
0409010W0AAAHAH,Pramipexole_Tab 2.1mg M/R,Pramipexole,Pramipexole,Dopaminergic Drugs Used In Parkinsonism,Dopaminergic Drugs Used In Parkinsonism,Drugs Used In Park'ism/Related Disorders,Central Nervous System,Pramipexole,1
0409010W0AAAIAI,Pramipexole_Tab 3.15mg M/R,Pramipexole,Pramipexole,Dopaminergic Drugs Used In Parkinsonism,Dopaminergic Drugs Used In Parkinsonism,Drugs Used In Park'ism/Related Disorders,Central Nervous System,Pramipexole,1
0409010W0AAAJAJ,Pramipexole_Tab 1.57mg M/R,Pramipexole,Pramipexole,Dopaminergic Drugs Used In Parkinsonism,Dopaminergic Drugs Used In Parkinsonism,Drugs Used In Park'ism/Related Disorders,Central Nervous System,Pramipexole,1
0409010W0AAAKAK,Pramipexole_Tab 2.62mg M/R,Pramipexole,Pramipexole,Dopaminergic Drugs Used In Parkinsonism,Dopaminergic Drugs Used In Parkinsonism,Drugs Used In Park'ism/Related Disorders,Central Nervous System,Pramipexole,1
0409010W0BBAAAA,Mirapexin_Tab 0.7mg,Mirapexin,Pramipexole,Dopaminergic Drugs Used In Parkinsonism,Dopaminergic Drugs Used In Parkinsonism,Drugs Used In Park'ism/Related Disorders,Central Nervous System,Mirapexin,1
0409010W0BBABAB,Mirapexin_Tab 0.18mg,Mirapexin,Pramipexole,Dopaminergic Drugs Used In Parkinsonism,Dopaminergic Drugs Used In Parkinsonism,Drugs Used In Park'ism/Related Disorders,Central Nervous System,Mirapexin,1
0409010W0BBACAC,Mirapexin_Tab 0.088mg,Mirapexin,Pramipexole,Dopaminergic Drugs Used In Parkinsonism,Dopaminergic Drugs Used In Parkinsonism,Drugs Used In Park'ism/Related Disorders,Central Nervous System,Mirapexin,1
0409010W0BBADAD,Mirapexin_Tab 0.35mg,Mirapexin,Pramipexole,Dopaminergic Drugs Used In Parkinsonism,Dopaminergic Drugs Used In Parkinsonism,Drugs Used In Park'ism/Related Disorders,Central Nervous System,Mirapexin,1
0409010W0BBAEAE,Mirapexin_Tab 0.26mg M/R,Mirapexin,Pramipexole,Dopaminergic Drugs Used In Parkinsonism,Dopaminergic Drugs Used In Parkinsonism,Drugs Used In Park'ism/Related Disorders,Central Nervous System,Mirapexin,1
0409010W0BBAFAF,Mirapexin_Tab 0.52mg M/R,Mirapexin,Pramipexole,Dopaminergic Drugs Used In Parkinsonism,Dopaminergic Drugs Used In Parkinsonism,Drugs Used In Park'ism/Related Disorders,Central Nervous System,Mirapexin,1
0409010W0BBAGAG,Mirapexin_Tab 1.05mg M/R,Mirapexin,Pramipexole,Dopaminergic Drugs Used In Parkinsonism,Dopaminergic Drugs Used In Parkinsonism,Drugs Used In Park'ism/Related Disorders,Central Nervous System,Mirapexin,1
0409010W0BBAHAH,Mirapexin_Tab 2.1mg M/R,Mirapexin,Pramipexole,Dopaminergic Drugs Used In Parkinsonism,Dopaminergic Drugs Used In Parkinsonism,Drugs Used In Park'ism/Related Disorders,Central Nervous System,Mirapexin,1
0409010W0BBAIAI,Mirapexin_Tab 3.15mg M/R,Mirapexin,Pramipexole,Dopaminergic Drugs Used In Parkinsonism,Dopaminergic Drugs Used In Parkinsonism,Drugs Used In Park'ism/Related Disorders,Central Nervous System,Mirapexin,1
0409010W0BBAJAJ,Mirapexin_Tab 1.57mg M/R,Mirapexin,Pramipexole,Dopaminergic Drugs Used In Parkinsonism,Dopaminergic Drugs Used In Parkinsonism,Drugs Used In Park'ism/Related Disorders,Central Nervous System,Mirapexin,1
0409010W0BBAKAK,Mirapexin_Tab 2.62mg M/R,Mirapexin,Pramipexole,Dopaminergic Drugs Used In Parkinsonism,Dopaminergic Drugs Used In Parkinsonism,Drugs Used In Park'ism/Related Disorders,Central Nervous System,Mirapexin,1
0409010W0BCAAAC,Neliprax_Tab 0.088mg,Neliprax,Pramipexole,Dopaminergic Drugs Used In Parkinsonism,Dopaminergic Drugs Used In Parkinsonism,Drugs Used In Park'ism/Related Disorders,Central Nervous System,Neliprax,1
0409010W0BCABAB,Neliprax_Tab 0.18mg,Neliprax,Pramipexole,Dopaminergic Drugs Used In Parkinsonism,Dopaminergic Drugs Used In Parkinsonism,Drugs Used In Park'ism/Related Disorders,Central Nervous System,Neliprax,1
0409010W0BCACAA,Neliprax_Tab 0.7mg,Neliprax,Pramipexole,Dopaminergic Drugs Used In Parkinsonism,Dopaminergic Drugs Used In Parkinsonism,Drugs Used In Park'ism/Related Disorders,Central Nervous System,Neliprax,1
0409010W0BCADAD,Neliprax_Tab 0.35mg,Neliprax,Pramipexole,Dopaminergic Drugs Used In Parkinsonism,Dopaminergic Drugs Used In Parkinsonism,Drugs Used In Park'ism/Related Disorders,Central Nervous System,Neliprax,1
0409010W0BDAAAC,Oprymea_Tab 0.088mg,Oprymea,Pramipexole,Dopaminergic Drugs Used In Parkinsonism,Dopaminergic Drugs Used In Parkinsonism,Drugs Used In Park'ism/Related Disorders,Central Nervous System,Oprymea,1
0409010W0BDABAB,Oprymea_Tab 0.18mg,Oprymea,Pramipexole,Dopaminergic Drugs Used In Parkinsonism,Dopaminergic Drugs Used In Parkinsonism,Drugs Used In Park'ism/Related Disorders,Central Nervous System,Oprymea,1
0409010W0BDACAD,Oprymea_Tab 0.35mg,Oprymea,Pramipexole,Dopaminergic Drugs Used In Parkinsonism,Dopaminergic Drugs Used In Parkinsonism,Drugs Used In Park'ism/Related Disorders,Central Nervous System,Oprymea,1
0409010W0BDADAA,Oprymea_Tab 0.7mg,Oprymea,Pramipexole,Dopaminergic Drugs Used In Parkinsonism,Dopaminergic Drugs Used In Parkinsonism,Drugs Used In Park'ism/Related Disorders,Central Nervous System,Oprymea,1
0409010W0BDAEAE,Oprymea_Tab 0.26mg M/R,Oprymea,Pramipexole,Dopaminergic Drugs Used In Parkinsonism,Dopaminergic Drugs Used In Parkinsonism,Drugs Used In Park'ism/Related Disorders,Central Nervous System,Oprymea,1
0409010W0BDAFAF,Oprymea_Tab 0.52mg M/R,Oprymea,Pramipexole,Dopaminergic Drugs Used In Parkinsonism,Dopaminergic Drugs Used In Parkinsonism,Drugs Used In Park'ism/Related Disorders,Central Nervous System,Oprymea,1
0409010W0BDAGAG,Oprymea_Tab 1.05mg M/R,Oprymea,Pramipexole,Dopaminergic Drugs Used In Parkinsonism,Dopaminergic Drugs Used In Parkinsonism,Drugs Used In Park'ism/Related Disorders,Central Nervous System,Oprymea,1
0409010W0BDAHAJ,Oprymea_Tab 1.57mg M/R,Oprymea,Pramipexole,Dopaminergic Drugs Used In Parkinsonism,Dopaminergic Drugs Used In Parkinsonism,Drugs Used In Park'ism/Related Disorders,Central Nervous System,Oprymea,1
0409010W0BDAIAH,Oprymea_Tab 2.1mg M/R,Oprymea,Pramipexole,Dopaminergic Drugs Used In Parkinsonism,Dopaminergic Drugs Used In Parkinsonism,Drugs Used In Park'ism/Related Disorders,Central Nervous System,Oprymea,1
0409010W0BDAJAK,Oprymea_Tab 2.62mg M/R,Oprymea,Pramipexole,Dopaminergic Drugs Used In Parkinsonism,Dopaminergic Drugs Used In Parkinsonism,Drugs Used In Park'ism/Related Disorders,Central Nervous System,Oprymea,1
0409010W0BDAKAI,Oprymea_Tab 3.15mg M/R,Oprymea,Pramipexole,Dopaminergic Drugs Used In Parkinsonism,Dopaminergic Drugs Used In Parkinsonism,Drugs Used In Park'ism/Related Disorders,Central Nervous System,Oprymea,1
0409010W0BEAAAE,Pipexus_Tab 0.26mg M/R,Pipexus,Pramipexole,Dopaminergic Drugs Used In Parkinsonism,Dopaminergic Drugs Used In Parkinsonism,Drugs Used In Park'ism/Related Disorders,Central Nervous System,Pipexus,1
0409010W0BEABAF,Pipexus_Tab 0.52mg M/R,Pipexus,Pramipexole,Dopaminergic Drugs Used In Parkinsonism,Dopaminergic Drugs Used In Parkinsonism,Drugs Used In Park'ism/Related Disorders,Central Nervous System,Pipexus,1
0409010W0BEACAH,Pipexus_Tab 2.1mg M/R,Pipexus,Pramipexole,Dopaminergic Drugs Used In Parkinsonism,Dopaminergic Drugs Used In Parkinsonism,Drugs Used In Park'ism/Related Disorders,Central Nervous System,Pipexus,1
0409010W0BEADAG,Pipexus_Tab 1.05mg M/R,Pipexus,Pramipexole,Dopaminergic Drugs Used In Parkinsonism,Dopaminergic Drugs Used In Parkinsonism,Drugs Used In Park'ism/Related Disorders,Central Nervous System,Pipexus,1
0409010W0BEAEAJ,Pipexus_Tab 1.57mg M/R,Pipexus,Pramipexole,Dopaminergic Drugs Used In Parkinsonism,Dopaminergic Drugs Used In Parkinsonism,Drugs Used In Park'ism/Related Disorders,Central Nervous System,Pipexus,1
0409010W0BEAFAK,Pipexus_Tab 2.62mg M/R,Pipexus,Pramipexole,Dopaminergic Drugs Used In Parkinsonism,Dopaminergic Drugs Used In Parkinsonism,Drugs Used In Park'ism/Related Disorders,Central Nervous System,Pipexus,1
0409010W0BEAGAI,Pipexus_Tab 3.15mg M/R,Pipexus,Pramipexole,Dopaminergic Drugs Used In Parkinsonism,Dopaminergic Drugs Used In Parkinsonism,Drugs Used In Park'ism/Related Disorders,Central Nervous System,Pipexus,1
0409010X0AAAAAA,L-Dopa/C-Dopa/Entacap_Tab50/12.5/200mg,Levodopa/Carbidopa/Entacapone,Levodopa/Carbidopa/Entacapone,Dopaminergic Drugs Used In Parkinsonism,Dopaminergic Drugs Used In Parkinsonism,Drugs Used In Park'ism/Related Disorders,Central Nervous System,Levodopa/Carbidopa/Entacapone,1
0409010X0AAABAB,L-Dopa/C-Dopa/Entacap_Tab100/25/200mg,Levodopa/Carbidopa/Entacapone,Levodopa/Carbidopa/Entacapone,Dopaminergic Drugs Used In Parkinsonism,Dopaminergic Drugs Used In Parkinsonism,Drugs Used In Park'ism/Related Disorders,Central Nervous System,Levodopa/Carbidopa/Entacapone,1
0409010X0AAACAC,L-Dopa/C-Dopa/Entacap_Tab150/37.5/200mg,Levodopa/Carbidopa/Entacapone,Levodopa/Carbidopa/Entacapone,Dopaminergic Drugs Used In Parkinsonism,Dopaminergic Drugs Used In Parkinsonism,Drugs Used In Park'ism/Related Disorders,Central Nervous System,Levodopa/Carbidopa/Entacapone,1
0409010X0AAADAD,L-Dopa/C-Dopa/Entacap_Tab200/50/200mg,Levodopa/Carbidopa/Entacapone,Levodopa/Carbidopa/Entacapone,Dopaminergic Drugs Used In Parkinsonism,Dopaminergic Drugs Used In Parkinsonism,Drugs Used In Park'ism/Related Disorders,Central Nervous System,Levodopa/Carbidopa/Entacapone,1
0409010X0AAAEAE,L-Dopa/C-Dopa/Entacap_Tab75/18.75/200mg,Levodopa/Carbidopa/Entacapone,Levodopa/Carbidopa/Entacapone,Dopaminergic Drugs Used In Parkinsonism,Dopaminergic Drugs Used In Parkinsonism,Drugs Used In Park'ism/Related Disorders,Central Nervous System,Levodopa/Carbidopa/Entacapone,1
0409010X0AAAFAF,L-Dopa/C-Dopa/Entacap_Tab125/31.25/200mg,Levodopa/Carbidopa/Entacapone,Levodopa/Carbidopa/Entacapone,Dopaminergic Drugs Used In Parkinsonism,Dopaminergic Drugs Used In Parkinsonism,Drugs Used In Park'ism/Related Disorders,Central Nervous System,Levodopa/Carbidopa/Entacapone,1
0409010X0AAAGAG,L-Dopa/C-Dopa/Entacap_Tab175/43.75/200mg,Levodopa/Carbidopa/Entacapone,Levodopa/Carbidopa/Entacapone,Dopaminergic Drugs Used In Parkinsonism,Dopaminergic Drugs Used In Parkinsonism,Drugs Used In Park'ism/Related Disorders,Central Nervous System,Levodopa/Carbidopa/Entacapone,1
0409010X0BBAAAA,Stalevo_Tab 50mg/12.5mg/200mg,Stalevo,Levodopa/Carbidopa/Entacapone,Dopaminergic Drugs Used In Parkinsonism,Dopaminergic Drugs Used In Parkinsonism,Drugs Used In Park'ism/Related Disorders,Central Nervous System,Stalevo,1
0409010X0BBABAB,Stalevo_Tab 100mg/25mg/200mg,Stalevo,Levodopa/Carbidopa/Entacapone,Dopaminergic Drugs Used In Parkinsonism,Dopaminergic Drugs Used In Parkinsonism,Drugs Used In Park'ism/Related Disorders,Central Nervous System,Stalevo,1
0409010X0BBACAC,Stalevo_Tab 150mg/37.5mg/200mg,Stalevo,Levodopa/Carbidopa/Entacapone,Dopaminergic Drugs Used In Parkinsonism,Dopaminergic Drugs Used In Parkinsonism,Drugs Used In Park'ism/Related Disorders,Central Nervous System,Stalevo,1
0409010X0BBADAD,Stalevo_Tab 200mg/50mg/200mg,Stalevo,Levodopa/Carbidopa/Entacapone,Dopaminergic Drugs Used In Parkinsonism,Dopaminergic Drugs Used In Parkinsonism,Drugs Used In Park'ism/Related Disorders,Central Nervous System,Stalevo,1
0409010X0BBAEAE,Stalevo_Tab 75mg/18.75mg/200mg,Stalevo,Levodopa/Carbidopa/Entacapone,Dopaminergic Drugs Used In Parkinsonism,Dopaminergic Drugs Used In Parkinsonism,Drugs Used In Park'ism/Related Disorders,Central Nervous System,Stalevo,1
0409010X0BBAFAF,Stalevo_Tab 125mg/31.25mg/200mg,Stalevo,Levodopa/Carbidopa/Entacapone,Dopaminergic Drugs Used In Parkinsonism,Dopaminergic Drugs Used In Parkinsonism,Drugs Used In Park'ism/Related Disorders,Central Nervous System,Stalevo,1
0409010X0BBAGAG,Stalevo_Tab 175mg/43.75mg/200mg,Stalevo,Levodopa/Carbidopa/Entacapone,Dopaminergic Drugs Used In Parkinsonism,Dopaminergic Drugs Used In Parkinsonism,Drugs Used In Park'ism/Related Disorders,Central Nervous System,Stalevo,1
0409010X0BCAAAF,Sastravi_Tab 125mg/31.25mg/200mg,Sastravi,Levodopa/Carbidopa/Entacapone,Dopaminergic Drugs Used In Parkinsonism,Dopaminergic Drugs Used In Parkinsonism,Drugs Used In Park'ism/Related Disorders,Central Nervous System,Sastravi,1
0409010X0BCABAA,Sastravi_Tab 50mg/12.5mg/200mg,Sastravi,Levodopa/Carbidopa/Entacapone,Dopaminergic Drugs Used In Parkinsonism,Dopaminergic Drugs Used In Parkinsonism,Drugs Used In Park'ism/Related Disorders,Central Nervous System,Sastravi,1
0409010X0BCACAE,Sastravi_Tab 75mg/18.75mg/200mg,Sastravi,Levodopa/Carbidopa/Entacapone,Dopaminergic Drugs Used In Parkinsonism,Dopaminergic Drugs Used In Parkinsonism,Drugs Used In Park'ism/Related Disorders,Central Nervous System,Sastravi,1
0409010X0BCADAB,Sastravi_Tab 100mg/25mg/200mg,Sastravi,Levodopa/Carbidopa/Entacapone,Dopaminergic Drugs Used In Parkinsonism,Dopaminergic Drugs Used In Parkinsonism,Drugs Used In Park'ism/Related Disorders,Central Nervous System,Sastravi,1
0409010X0BCAEAC,Sastravi_Tab 150mg/37.5mg/200mg,Sastravi,Levodopa/Carbidopa/Entacapone,Dopaminergic Drugs Used In Parkinsonism,Dopaminergic Drugs Used In Parkinsonism,Drugs Used In Park'ism/Related Disorders,Central Nervous System,Sastravi,1
0409010X0BCAFAG,Sastravi_Tab 175mg/43.75mg/200mg,Sastravi,Levodopa/Carbidopa/Entacapone,Dopaminergic Drugs Used In Parkinsonism,Dopaminergic Drugs Used In Parkinsonism,Drugs Used In Park'ism/Related Disorders,Central Nervous System,Sastravi,1
0409010X0BCAGAD,Sastravi_Tab 200mg/50mg/200mg,Sastravi,Levodopa/Carbidopa/Entacapone,Dopaminergic Drugs Used In Parkinsonism,Dopaminergic Drugs Used In Parkinsonism,Drugs Used In Park'ism/Related Disorders,Central Nervous System,Sastravi,1
0409010X0BDAAAE,Stanek_Tab 75mg/18.75mg/200mg,Stanek,Levodopa/Carbidopa/Entacapone,Dopaminergic Drugs Used In Parkinsonism,Dopaminergic Drugs Used In Parkinsonism,Drugs Used In Park'ism/Related Disorders,Central Nervous System,Stanek,1
0409010X0BDABAD,Stanek_Tab 200mg/50mg/200mg,Stanek,Levodopa/Carbidopa/Entacapone,Dopaminergic Drugs Used In Parkinsonism,Dopaminergic Drugs Used In Parkinsonism,Drugs Used In Park'ism/Related Disorders,Central Nervous System,Stanek,1
0409010X0BDACAG,Stanek_Tab 175mg/43.75mg/200mg,Stanek,Levodopa/Carbidopa/Entacapone,Dopaminergic Drugs Used In Parkinsonism,Dopaminergic Drugs Used In Parkinsonism,Drugs Used In Park'ism/Related Disorders,Central Nervous System,Stanek,1
0409010X0BDADAC,Stanek_Tab 150mg/37.5mg/200mg,Stanek,Levodopa/Carbidopa/Entacapone,Dopaminergic Drugs Used In Parkinsonism,Dopaminergic Drugs Used In Parkinsonism,Drugs Used In Park'ism/Related Disorders,Central Nervous System,Stanek,1
0409010X0BDAEAA,Stanek_Tab 50mg/12.5mg/200mg,Stanek,Levodopa/Carbidopa/Entacapone,Dopaminergic Drugs Used In Parkinsonism,Dopaminergic Drugs Used In Parkinsonism,Drugs Used In Park'ism/Related Disorders,Central Nervous System,Stanek,1
0409010X0BDAFAB,Stanek_Tab 100mg/25mg/200mg,Stanek,Levodopa/Carbidopa/Entacapone,Dopaminergic Drugs Used In Parkinsonism,Dopaminergic Drugs Used In Parkinsonism,Drugs Used In Park'ism/Related Disorders,Central Nervous System,Stanek,1
0409010X0BDAGAF,Stanek_Tab 125mg/31.25mg/200mg,Stanek,Levodopa/Carbidopa/Entacapone,Dopaminergic Drugs Used In Parkinsonism,Dopaminergic Drugs Used In Parkinsonism,Drugs Used In Park'ism/Related Disorders,Central Nervous System,Stanek,1
0409010Y0AAAAAA,Rasagiline Mesil_Tab 1mg,Rasagiline Mesil,Rasagiline Mesilate,Dopaminergic Drugs Used In Parkinsonism,Dopaminergic Drugs Used In Parkinsonism,Drugs Used In Park'ism/Related Disorders,Central Nervous System,Rasagiline,1
0409010Y0AAABAB,Rasagiline Mesil_Liq Spec 2mg/5ml,Rasagiline Mesil,Rasagiline Mesilate,Dopaminergic Drugs Used In Parkinsonism,Dopaminergic Drugs Used In Parkinsonism,Drugs Used In Park'ism/Related Disorders,Central Nervous System,Rasagiline,1
0409010Y0BBAAAA,Azilect_Tab 1mg,Azilect,Rasagiline Mesilate,Dopaminergic Drugs Used In Parkinsonism,Dopaminergic Drugs Used In Parkinsonism,Drugs Used In Park'ism/Related Disorders,Central Nervous System,Azilect,1
0503040C0AAAAAA,Amantadine HCl_Cap 100mg,Amantadine HCl (Antiviral),Amantadine Hydrochloride,Influenza,Influenza,Antiviral Drugs,Infections,Amantadine,0
0503040C0AAABAB,Amantadine HCl_Tab 100mg,Amantadine HCl (Antiviral),Amantadine Hydrochloride,Influenza,Influenza,Antiviral Drugs,Infections,Amantadine,0
0503040C0BBAAAA,Lysovir_Cap 100mg,Lysovir,Amantadine Hydrochloride,Influenza,Influenza,Antiviral Drugs,Infections,Lysovir,0
0607010B0AAAAAA,Bromocriptine Mesil_Cap 5mg,Bromocriptine Mesil,Bromocriptine,Bromocriptine & Other Dopaminergic Drugs,Bromocriptine & Other Dopaminergic Drugs,Other Endocrine Drugs,Endocrine System,Bromocriptine,1
0607010B0AAABAB,Bromocriptine Mesil_Cap 10mg,Bromocriptine Mesil,Bromocriptine,Bromocriptine & Other Dopaminergic Drugs,Bromocriptine & Other Dopaminergic Drugs,Other Endocrine Drugs,Endocrine System,Bromocriptine,1
0607010B0AAACAC,Bromocriptine Mesil_Tab 1mg,Bromocriptine Mesil,Bromocriptine,Bromocriptine & Other Dopaminergic Drugs,Bromocriptine & Other Dopaminergic Drugs,Other Endocrine Drugs,Endocrine System,Bromocriptine,1
0607010B0AAADAD,Bromocriptine Mesil_Tab 2.5mg,Bromocriptine Mesil,Bromocriptine,Bromocriptine & Other Dopaminergic Drugs,Bromocriptine & Other Dopaminergic Drugs,Other Endocrine Drugs,Endocrine System,Bromocriptine,1
0607010B0AAAEAE,Bromocriptine Mesil_Starter-Pack Tab,Bromocriptine Mesil,Bromocriptine,Bromocriptine & Other Dopaminergic Drugs,Bromocriptine & Other Dopaminergic Drugs,Other Endocrine Drugs,Endocrine System,Bromocriptine,1
0607010B0AAAFAF,Bromocriptine Mesil_Liq Spec 200mcg/5ml,Bromocriptine Mesil,Bromocriptine,Bromocriptine & Other Dopaminergic Drugs,Bromocriptine & Other Dopaminergic Drugs,Other Endocrine Drugs,Endocrine System,Bromocriptine,1
0607010B0AAAGAG,Bromocriptine Mesil_Liq Spec 2.5mg/5ml,Bromocriptine Mesil,Bromocriptine,Bromocriptine & Other Dopaminergic Drugs,Bromocriptine & Other Dopaminergic Drugs,Other Endocrine Drugs,Endocrine System,Bromocriptine,1
0607010B0AAAHAH,Bromocriptine Mesil_Liq Spec 20mg/5ml,Bromocriptine Mesil,Bromocriptine,Bromocriptine & Other Dopaminergic Drugs,Bromocriptine & Other Dopaminergic Drugs,Other Endocrine Drugs,Endocrine System,Bromocriptine,1
0607010B0AAAIAI,Bromocriptine Mesil_Liq Spec 1mg/5ml,Bromocriptine Mesil,Bromocriptine,Bromocriptine & Other Dopaminergic Drugs,Bromocriptine & Other Dopaminergic Drugs,Other Endocrine Drugs,Endocrine System,Bromocriptine,1
0607010B0AAAJAJ,Bromocriptine Mesil_Liq Spec 5mg/5ml,Bromocriptine Mesil,Bromocriptine,Bromocriptine & Other Dopaminergic Drugs,Bromocriptine & Other Dopaminergic Drugs,Other Endocrine Drugs,Endocrine System,Bromocriptine,1
0607010B0AAAKAK,Bromocriptine Mesil_Liq Spec 10mg/5ml,Bromocriptine Mesil,Bromocriptine,Bromocriptine & Other Dopaminergic Drugs,Bromocriptine & Other Dopaminergic Drugs,Other Endocrine Drugs,Endocrine System,Bromocriptine,1
0607010B0BBAAAC,Parlodel_Tab 1mg,Parlodel,Bromocriptine,Bromocriptine & Other Dopaminergic Drugs,Bromocriptine & Other Dopaminergic Drugs,Other Endocrine Drugs,Endocrine System,Parlodel,1
0607010B0BBABAD,Parlodel_Tab 2.5mg,Parlodel,Bromocriptine,Bromocriptine & Other Dopaminergic Drugs,Bromocriptine & Other Dopaminergic Drugs,Other Endocrine Drugs,Endocrine System,Parlodel,1
0607010B0BBACAA,Parlodel_Cap 5mg,Parlodel,Bromocriptine,Bromocriptine & Other Dopaminergic Drugs,Bromocriptine & Other Dopaminergic Drugs,Other Endocrine Drugs,Endocrine System,Parlodel,1
0607010B0BBADAB,Parlodel_Cap 10mg,Parlodel,Bromocriptine,Bromocriptine & Other Dopaminergic Drugs,Bromocriptine & Other Dopaminergic Drugs,Other Endocrine Drugs,Endocrine System,Parlodel,1
0607010B0BBAEAE,Parlodel_Starter-Pack (Tab 7 x 1mg/7 X,Parlodel,Bromocriptine,Bromocriptine & Other Dopaminergic Drugs,Bromocriptine & Other Dopaminergic Drugs,Other Endocrine Drugs,Endocrine System,Parlodel,1
0607010C0AAAAAA,Cabergoline_Tab 0.5mg,Cabergoline (Lactation),Cabergoline,Bromocriptine & Other Dopaminergic Drugs,Bromocriptine & Other Dopaminergic Drugs,Other Endocrine Drugs,Endocrine System,Cabergoline,0
0607010C0BBAAAA,Dostinex_Tab 0.5mg,Dostinex,Cabergoline,Bromocriptine & Other Dopaminergic Drugs,Bromocriptine & Other Dopaminergic Drugs,Other Endocrine Drugs,Endocrine System,Dostinex,0
0704050G0AAAAAA,Apomorph HCl_Tab Subling 2mg,Apomorph HCl (Impotence),Apomorphine Hydrochloride,Drugs For Erectile Dysfunction,Drugs For Erectile Dysfunction,Drugs For Genito-Urinary Disorders,"Obstetrics,Gynae+Urinary Tract Disorders",Apomorph,0
0704050G0AAABAB,Apomorph HCl_Tab Subling 3mg,Apomorph HCl (Impotence),Apomorphine Hydrochloride,Drugs For Erectile Dysfunction,Drugs For Erectile Dysfunction,Drugs For Genito-Urinary Disorders,"Obstetrics,Gynae+Urinary Tract Disorders",Apomorph,0
0704050G0BBAAAA,Uprima_Tab Subling 2mg,Uprima,Apomorphine Hydrochloride,Drugs For Erectile Dysfunction,Drugs For Erectile Dysfunction,Drugs For Genito-Urinary Disorders,"Obstetrics,Gynae+Urinary Tract Disorders",Uprima,0
0704050G0BBABAB,Uprima_Tab Subling 3mg,Uprima,Apomorphine Hydrochloride,Drugs For Erectile Dysfunction,Drugs For Erectile Dysfunction,Drugs For Genito-Urinary Disorders,"Obstetrics,Gynae+Urinary Tract Disorders",Uprima,0
